Paths, STEAM L1 PS, STEAM HLT PS, STEAM Counts, STEAM Rates (Hz), WBM L1 PS, WBM HLT PS, WBM Counts, WBM Rates (Hz), STEAM-WBM (Hz), Error (Hz), Rel. difference, Error, Pull
HLT_IsoMu24_v13, 1, 1, 22, 236.52, 1, 1, 69224, 270.22, -33.7, 50.44, -0.12, 0.19, -0.67
HLT_IsoMu24_eta2p1_v15, 1, 1, 21, 225.76, 1, 1, 62772, 245.03, -19.27, 49.27, -0.08, 0.2, -0.39
HLT_IsoMu27_v16, 1, 150, 19, 204.26, 1, 1, 57273, 223.57, -19.31, 46.87, -0.09, 0.21, -0.41
HLT_IsoMu30_v4, 1, 1, 16, 172.01, 1, 1, 47777, 186.5, -14.49, 43.01, -0.08, 0.23, -0.34
HLT_Ele32_WPTight_Gsf_v15, 1, 1, 14, 150.51, 1, 1, 49193, 192.03, -41.52, 40.23, -0.22, 0.21, -1.03
HLT_Ele32_WPTight_Gsf_L1DoubleEG_v9, 1, 1, 14, 150.51, 1, 1, 49611, 193.66, -43.15, 40.23, -0.22, 0.21, -1.07
HLT_Ele35_WPTight_Gsf_v9, 1, 200, 11, 118.26, 1, 1, 39528, 154.29, -36.03, 35.67, -0.23, 0.23, -1.01
HLT_Ele35_WPTight_Gsf_L1EGMT_v5, 1, 1, 10, 107.51, 1, 1, 35234, 137.54, -30.03, 34.01, -0.22, 0.25, -0.88
HLT_Ele40_WPTight_Gsf_v9, 1, 1, 10, 107.51, 1, 1, 25210, 98.41, 9.1, 34.0, 0.09, 0.35, 0.27
HLT_Ele38_WPTight_Gsf_v9, 1, 1, 10, 107.51, 1, 1, 30340, 118.43, -10.92, 34.0, -0.09, 0.29, -0.32
HLT_IsoMu24_TwoProngs35_v1, 1, 1, 9, 96.76, 1, 1, 31331, 122.31, -25.55, 32.26, -0.21, 0.26, -0.79
HLT_Mu50_v13, 1, 50, 7, 75.25, 1, 1, 13688, 53.43, 21.82, 28.45, 0.41, 0.53, 0.77
HLT_Ele30_eta2p1_WPTight_Gsf_CentralPFJet35_EleCleaned_v13, 1, 1, 7, 75.25, 1, 1, 15553, 60.71, 14.54, 28.45, 0.24, 0.47, 0.51
HLT_ZeroBias_v6, 7193, 42, 7, 75.25, 17881, 52, 9472, 36.97, 38.28, 28.44, 1.04, 0.77, 1.35
HLT_DoubleMu4_LowMassNonResonantTrk_Displaced_v15, 1, 1, 6, 64.5, 1, 1, 10796, 42.14, 22.36, 26.34, 0.53, 0.62, 0.85
HLT_Mu55_v3, 1, 1, 5, 53.75, 1, 1, 9192, 35.89, 17.86, 24.04, 0.5, 0.67, 0.74
HLT_DoubleMediumChargedIsoPFTauHPS35_Trk1_eta2p1_Reg_v3, 1, 1, 5, 53.75, 1, 1, 12595, 49.16, 4.59, 24.04, 0.09, 0.49, 0.19
HLT_DoubleMu4_3_Jpsi_v2, 1, 10, 4, 43.0, 1, 10, 2759, 10.76, 32.24, 21.5, 2.99, 2.0, 1.5
HLT_Diphoton30PV_18PV_R9Id_AND_IsoCaloId_AND_HE_R9Id_PixelVeto_Mass55_v15, 1, 1, 4, 43.0, 1, 1, 10234, 39.95, 3.05, 21.5, 0.08, 0.54, 0.14
HLT_Diphoton30_22_R9Id_OR_IsoCaloId_AND_HE_R9Id_Mass90_v13, 1, 1, 4, 43.0, 1, 1, 11126, 43.43, -0.43, 21.5, -0.01, 0.5, -0.02
HLT_Diphoton30_18_R9IdL_AND_HE_AND_IsoCaloId_NoPixelVeto_Mass55_v1, 1, 1, 4, 43.0, 1, 1, 9073, 35.41, 7.59, 21.5, 0.21, 0.61, 0.35
HLT_Diphoton30_22_R9Id_OR_IsoCaloId_AND_HE_R9Id_Mass95_v13, 1, 1, 4, 43.0, 1, 1, 9577, 37.39, 5.61, 21.5, 0.15, 0.58, 0.26
HLT_Diphoton30_18_R9IdL_AND_HE_AND_IsoCaloId_NoPixelVeto_v1, 1, 1, 4, 43.0, 1, 1, 10809, 42.19, 0.81, 21.5, 0.02, 0.51, 0.04
HLT_DoubleTightChargedIsoPFTauHPS35_Trk1_eta2p1_Reg_v1, 1, 1, 4, 43.0, 1, 1, 9566, 37.34, 5.66, 21.5, 0.15, 0.58, 0.26
HLT_Mu19_TrkIsoVVL_Mu9_TrkIsoVVL_DZ_Mass3p8_v3, 1, 1, 3, 32.25, 1, 1, 6686, 26.1, 6.15, 18.62, 0.24, 0.71, 0.33
HLT_Photon35_TwoProngs35_v1, 1, 1, 3, 32.25, 1, 1, 5785, 22.59, 9.66, 18.62, 0.43, 0.82, 0.52
HLT_Mu19_TrkIsoVVL_Mu9_TrkIsoVVL_DZ_Mass8_v3, 1, 1, 3, 32.25, 1, 1, 6541, 25.53, 6.72, 18.62, 0.26, 0.73, 0.36
HLT_DiEle27_WPTightCaloOnly_L1DoubleEG_v4, 1, 1, 3, 32.25, 1, 1, 5623, 21.95, 10.3, 18.62, 0.47, 0.85, 0.55
HLT_PFMET120_PFMHT120_IDTight_v20, 1, 1, 3, 32.25, 1, 1, 8439, 32.94, -0.69, 18.62, -0.02, 0.57, -0.04
HLT_Mu17_TrkIsoVVL_Mu8_TrkIsoVVL_DZ_Mass3p8_v5, 1, 1, 3, 32.25, 1, 1, 8314, 32.46, -0.21, 18.62, -0.01, 0.57, -0.01
HLT_PFMETNoMu120_PFMHTNoMu120_IDTight_v20, 1, 1, 3, 32.25, 1, 1, 9154, 35.73, -3.48, 18.62, -0.1, 0.52, -0.19
HLT_ZeroBias_IsolatedBunches_v5, 110, 10, 3, 32.25, 110, 10, 0, 0.0, 32.25, 0.0, 0, 0, 0
HLT_Mu17_TrkIsoVVL_Mu8_TrkIsoVVL_DZ_Mass8_v5, 1, 1, 3, 32.25, 1, 1, 8049, 31.41, 0.84, 18.62, 0.03, 0.59, 0.04
HLT_Ele28_eta2p1_WPTight_Gsf_HT150_v13, 1, 1, 3, 32.25, 1, 1, 4645, 18.13, 14.12, 18.62, 0.78, 1.03, 0.76
HLT_PFMETNoMu130_PFMHTNoMu130_IDTight_v19, 1, 1, 2, 21.5, 1, 1, 6415, 25.04, -3.54, 15.21, -0.14, 0.61, -0.23
HLT_Physics_v7, 1, 50, 2, 21.5, 1, 50, 3584, 13.99, 7.51, 15.2, 0.54, 1.09, 0.49
HLT_PFMETNoMu140_PFMHTNoMu140_IDTight_v19, 1, 1, 2, 21.5, 1, 1, 4566, 17.82, 3.68, 15.21, 0.21, 0.85, 0.24
HLT_PFMETTypeOne140_PFMHT140_IDTight_v11, 1, 1, 2, 21.5, 1, 1, 5187, 20.24, 1.26, 15.21, 0.06, 0.75, 0.08
HLT_QuadPFJet105_88_76_15_DoublePFBTagDeepCSV_1p3_7p7_VBF1_v8, 1, 1, 2, 21.5, 1, 1, 6260, 24.43, -2.93, 15.21, -0.12, 0.62, -0.19
HLT_QuadPFJet103_88_75_15_DoublePFBTagDeepCSV_1p3_7p7_VBF1_v8, 1, 1, 2, 21.5, 1, 1, 3675, 14.34, 7.16, 15.2, 0.5, 1.06, 0.47
HLT_Ele23_Ele12_CaloIdL_TrackIdL_IsoVL_v19, 1, 1, 2, 21.5, 1, 1, 7086, 27.66, -6.16, 15.21, -0.22, 0.55, -0.4
HLT_PFMETNoMu120_PFMHTNoMu120_IDTight_PFHT60_v9, 1, 1, 2, 21.5, 1, 1, 5937, 23.17, -1.67, 15.21, -0.07, 0.66, -0.11
HLT_Ele23_Ele12_CaloIdL_TrackIdL_IsoVL_DZ_v19, 1, 1, 2, 21.5, 1, 1, 4486, 17.52, 3.98, 15.21, 0.23, 0.87, 0.26
HLT_PFMET140_PFMHT140_IDTight_v20, 1, 1, 2, 21.5, 1, 1, 4112, 16.05, 5.45, 15.2, 0.34, 0.95, 0.36
HLT_PFMETTypeOne200_HBHE_BeamHaloCleaned_v9, 1, 1, 2, 21.5, 1, 1, 5905, 23.04, -1.54, 15.21, -0.07, 0.66, -0.1
HLT_Mu12_DoublePhoton20_v5, 1, 1, 2, 21.5, 1, 1, 2686, 10.48, 11.02, 15.2, 1.05, 1.45, 0.72
HLT_BTagMu_AK4DiJet40_Mu5_v13, 360, 1, 2, 21.5, 256, 1, 1503, 5.87, 15.63, 15.2, 2.66, 2.59, 1.03
HLT_DoubleL2Mu30NoVtx_2Cha_CosmicSeed_Eta2p4_v2, 1, 1, 2, 21.5, 1, 1, 2305, 8.99, 12.51, 15.2, 1.39, 1.69, 0.82
HLT_DoubleMediumChargedIsoPFTauHPS35_Trk1_TightID_eta2p1_Reg_v1, 1, 1, 2, 21.5, 1, 1, 9017, 35.2, -13.7, 15.21, -0.39, 0.43, -0.9
HLT_DoubleTightChargedIsoPFTauHPS35_Trk1_TightID_eta2p1_Reg_v1, 1, 1, 2, 21.5, 1, 1, 6801, 26.55, -5.05, 15.21, -0.19, 0.57, -0.33
HLT_Photon100EBHE10_v1, 1, 32, 2, 21.5, 1, 32, 706, 2.75, 18.75, 15.2, 6.81, 5.53, 1.23
HLT_DoubleMu4_JpsiTrk_Displaced_v15, 1, 1, 2, 21.5, 1, 1, 10198, 39.81, -18.31, 15.21, -0.46, 0.38, -1.2
HLT_DoubleMediumChargedIsoPFTauHPS40_Trk1_eta2p1_Reg_v1, 1, 1, 2, 21.5, 1, 1, 7885, 30.78, -9.28, 15.21, -0.3, 0.49, -0.61
HLT_PFHT400_SixPFJet32_v8, 1, 1, 2, 21.5, 1, 65, 199, 0.78, 20.72, 15.2, 26.67, 19.66, 1.36
HLT_MonoCentralPFJet80_PFMETNoMu120_PFMHTNoMu120_IDTight_v20, 1, 1, 2, 21.5, 1, 1, 4557, 17.78, 3.72, 15.21, 0.21, 0.86, 0.24
HLT_PFMET130_PFMHT130_IDTight_v20, 1, 1, 2, 21.5, 1, 1, 5842, 22.8, -1.3, 15.21, -0.06, 0.67, -0.09
HLT_PFMET120_PFMHT120_IDTight_PFHT60_v9, 1, 1, 2, 21.5, 1, 1, 5168, 20.18, 1.32, 15.21, 0.07, 0.75, 0.09
HLT_DoubleL2Mu25NoVtx_2Cha_CosmicSeed_Eta2p4_v2, 1, 1, 2, 21.5, 1, 1, 3445, 13.45, 8.05, 15.2, 0.6, 1.13, 0.53
HLT_Photon110EB_TightID_TightIso_v1, 1, 1, 1, 10.75, 1, 1, 3359, 13.11, -2.36, 10.75, -0.18, 0.82, -0.22
HLT_L1SingleMu18_v3, 100, 125, 1, 10.75, 210, 125, 136, 0.54, 10.21, 10.75, 19.09, 20.16, 0.95
HLT_HcalPhiSym_v15, 1, 1, 1, 10.75, 1, 1, 2262, 8.83, 1.92, 10.75, 0.22, 1.22, 0.18
HLT_TriplePhoton_35_35_5_CaloIdLV2_R9IdVL_v4, 1, 1, 1, 10.75, 1, 1, 4392, 17.15, -6.4, 10.75, -0.37, 0.63, -0.59
HLT_DoubleEle27_CaloIdL_MW_v4, 1, 1, 1, 10.75, 1, 1, 5114, 19.96, -9.21, 10.75, -0.46, 0.54, -0.86
HLT_Ele115_CaloIdVT_GsfTrkIdT_v14, 1, 12, 1, 10.75, 1, 1, 4551, 17.77, -7.02, 10.75, -0.4, 0.61, -0.65
HLT_DoubleL2Mu30NoVtx_2Cha_Eta2p4_v2, 1, 1, 1, 10.75, 1, 1, 3828, 14.94, -4.19, 10.75, -0.28, 0.72, -0.39
HLT_Photon90_v13, 1, 512, 1, 10.75, 1, 512, 112, 0.43, 10.32, 10.75, 23.82, 24.92, 0.96
HLT_Mu3er1p5_PFJet100er2p5_PFMETNoMu100_PFMHTNoMu100_IDTight_v2, 1, 1, 1, 10.75, 63000, 1, 2201, 8.59, 2.16, 10.75, 0.25, 1.25, 0.2
HLT_AK8PFJet400_TrimMass30_v12, 1, 1, 1, 10.75, 1, 1, 7977, 31.13, -20.38, 10.76, -0.65, 0.35, -1.9
HLT_Ele24_eta2p1_WPTight_Gsf_MediumChargedIsoPFTauHPS30_eta2p1_CrossL1_v1, 1, 1, 1, 10.75, 1, 1, 2639, 10.31, 0.44, 10.75, 0.04, 1.04, 0.04
HLT_Mu3_PFJet40_v16, 2200, 1, 1, 10.75, 11000, 1, 759, 2.97, 7.78, 10.75, 2.62, 3.62, 0.72
HLT_TriplePhoton_20_20_20_CaloIdLV2_R9IdVL_v3, 1, 1, 1, 10.75, 1, 1, 888, 3.46, 7.29, 10.75, 2.1, 3.1, 0.68
HLT_QuadPFJet103_88_75_15_PFBTagDeepCSV_1p3_VBF2_v8, 1, 1, 1, 10.75, 1, 1, 1926, 7.52, 3.23, 10.75, 0.43, 1.43, 0.3
HLT_DoubleMu3_TkMu_DsTau3Mu_v4, 1, 1, 1, 10.75, 1, 1, 789, 3.08, 7.67, 10.75, 2.49, 3.49, 0.71
HLT_DoubleL2Mu23NoVtx_2Cha_CosmicSeed_v2, 1, 1, 1, 10.75, 1, 1, 3308, 12.92, -2.17, 10.75, -0.17, 0.83, -0.2
HLT_Ele24_eta2p1_WPTight_Gsf_LooseChargedIsoPFTauHPS30_eta2p1_TightID_CrossL1_v1, 1, 1, 1, 10.75, 1, 1, 2519, 9.83, 0.92, 10.75, 0.09, 1.09, 0.09
HLT_AK8PFJet320_v16, 1, 48, 1, 10.75, 1, 48, 725, 2.83, 7.92, 10.75, 2.8, 3.8, 0.74
HLT_DoubleMu3_Trk_Tau3mu_v12, 1, 20, 1, 10.75, 1, 20, 401, 1.57, 9.18, 10.75, 5.86, 6.87, 0.85
HLT_TrkMu12_DoubleTrkMu5NoFiltersNoVtx_v6, 1, 1, 1, 10.75, 1, 1, 549, 2.14, 8.61, 10.75, 4.02, 5.03, 0.8
HLT_Dimuon25_Jpsi_noCorrL1_v6, 1, 1, 1, 10.75, 1, 1, 2384, 9.31, 1.44, 10.75, 0.15, 1.15, 0.13
HLT_AK8PFJet330_TrimMass30_PFAK8BoostedDoubleB_np4_v2, 1, 1, 1, 10.75, 1, 1, 13903, 54.27, -43.52, 10.76, -0.8, 0.2, -4.04
HLT_Ele24_eta2p1_WPTight_Gsf_MediumChargedIsoPFTauHPS30_eta2p1_TightID_CrossL1_v1, 1, 1, 1, 10.75, 1, 1, 2474, 9.66, 1.09, 10.75, 0.11, 1.11, 0.1
HLT_Photon200_v13, 1, 10, 1, 10.75, 1, 1, 3519, 13.73, -2.98, 10.75, -0.22, 0.78, -0.28
HLT_QuadPFJet111_90_80_15_PFBTagDeepCSV_1p3_VBF2_v8, 1, 1, 1, 10.75, 1, 1, 2544, 9.94, 0.81, 10.75, 0.08, 1.08, 0.08
HLT_IsoTrackHE_v4, 1, 1, 1, 10.75, 1, 1, 2590, 10.11, 0.64, 10.75, 0.06, 1.06, 0.06
HLT_DoubleMediumChargedIsoPFTauHPS40_Trk1_TightID_eta2p1_Reg_v1, 1, 1, 1, 10.75, 1, 1, 5453, 21.29, -10.54, 10.75, -0.49, 0.51, -0.98
HLT_Ele24_eta2p1_WPTight_Gsf_LooseChargedIsoPFTauHPS30_eta2p1_CrossL1_v1, 1, 1, 1, 10.75, 1, 1, 2688, 10.5, 0.25, 10.75, 0.02, 1.02, 0.02
HLT_Ele27_Ele37_CaloIdL_MW_v4, 1, 1, 1, 10.75, 1, 1, 4345, 16.96, -6.21, 10.75, -0.37, 0.63, -0.58
HLT_Mu15_IsoVVVL_PFHT450_v15, 1, 1, 1, 10.75, 63000, 1, 1390, 5.43, 5.32, 10.75, 0.98, 1.98, 0.5
HLT_PFJet60_v21, 33000, 1, 1, 10.75, 64000, 1, 696, 2.71, 8.04, 10.75, 2.96, 3.96, 0.75
HLT_Ele24_eta2p1_WPTight_Gsf_TightChargedIsoPFTauHPS30_eta2p1_TightID_CrossL1_v1, 1, 1, 1, 10.75, 1, 1, 2340, 9.13, 1.62, 10.75, 0.18, 1.18, 0.15
HLT_PFMET110_PFMHT110_IDTight_CaloBTagDeepCSV_3p1_v8, 1, 1, 1, 10.75, 1, 1, 1669, 6.51, 4.24, 10.75, 0.65, 1.65, 0.39
HLT_Mu3er1p5_PFJet100er2p5_PFMET80_PFMHT80_IDTight_v2, 1, 1, 1, 10.75, 63000, 1, 2959, 11.55, -0.8, 10.75, -0.07, 0.93, -0.07
HLT_QuadPFJet105_88_76_15_PFBTagDeepCSV_1p3_VBF2_v8, 1, 1, 1, 10.75, 1, 1, 3194, 12.47, -1.72, 10.75, -0.14, 0.86, -0.16
HLT_Dimuon25_Jpsi_v14, 1, 1, 1, 10.75, 1, 1, 3615, 14.11, -3.36, 10.75, -0.24, 0.76, -0.31
HLT_MonoCentralPFJet80_PFMETNoMu130_PFMHTNoMu130_IDTight_v19, 1, 1, 1, 10.75, 1, 1, 3334, 13.02, -2.27, 10.75, -0.17, 0.83, -0.21
HLT_MediumChargedIsoPFTau200HighPtRelaxedIso_Trk50_eta2p1_v12, 1, 1, 1, 10.75, 1, 1, 3339, 13.03, -2.28, 10.75, -0.18, 0.83, -0.21
HLT_DoubleMu4_JpsiTrkTrk_Displaced_v7, 1, 1, 1, 10.75, 1, 1, 9705, 37.89, -27.14, 10.76, -0.72, 0.28, -2.52
HLT_QuadPFJet111_90_80_15_DoublePFBTagDeepCSV_1p3_7p7_VBF1_v8, 1, 1, 1, 10.75, 1, 1, 5132, 20.04, -9.29, 10.75, -0.46, 0.54, -0.86
HLT_PFJet320_v20, 1, 32, 1, 10.75, 1, 32, 938, 3.66, 7.09, 10.75, 1.94, 2.94, 0.66
HLT_Mu8_v12, 320, 32, 1, 10.75, 670, 32, 684, 2.68, 8.07, 10.75, 3.02, 4.02, 0.75
HLT_DoubleMu2_Jpsi_DoubleTrk1_Phi1p05_v6, 1, 1, 1, 10.75, 1, 1, 6112, 23.86, -13.11, 10.75, -0.55, 0.45, -1.22
HLT_Mu37_TkMu27_v5, 1, 1, 1, 10.75, 1, 1, 3782, 14.76, -4.01, 10.75, -0.27, 0.73, -0.37
HLT_Dimuon0_Jpsi3p5_Muon2_v6, 1, 1, 1, 10.75, 1, 1, 4342, 16.94, -6.19, 10.75, -0.37, 0.63, -0.58
HLT_DoubleL2Mu23NoVtx_2Cha_v2, 1, 1, 1, 10.75, 1, 1, 4168, 16.27, -5.52, 10.75, -0.34, 0.66, -0.51
HLT_MediumChargedIsoPFTau180HighPtRelaxedIso_Trk50_eta2p1_v12, 1, 1, 1, 10.75, 1, 1, 4438, 17.32, -6.57, 10.75, -0.38, 0.62, -0.61
HLT_DoubleL2Mu25NoVtx_2Cha_v2, 1, 1, 1, 10.75, 1, 1, 3669, 14.32, -3.57, 10.75, -0.25, 0.75, -0.33
HLT_Photon75_v13, 1, 512, 1, 10.75, 1, 512, 235, 0.92, 9.83, 10.75, 10.72, 11.74, 0.91
HLT_DoubleEle25_CaloIdL_MW_v4, 1, 1, 1, 10.75, 1, 1, 5861, 22.88, -12.13, 10.75, -0.53, 0.47, -1.13
HLT_DiPFJetAve320_v14, 1, 36, 1, 10.75, 1, 48, 345, 1.35, 9.4, 10.75, 6.96, 7.97, 0.87
HLT_DoublePFJets116MaxDeta1p6_DoubleCaloBTagDeepCSV_p71_v2, 1, 1, 1, 10.75, 1, 1, 2404, 9.39, 1.36, 10.75, 0.15, 1.15, 0.13
HLT_MonoCentralPFJet80_PFMETNoMu140_PFMHTNoMu140_IDTight_v19, 1, 1, 1, 10.75, 1, 1, 2478, 9.67, 1.08, 10.75, 0.11, 1.11, 0.1
HLT_DoubleTightChargedIsoPFTauHPS40_Trk1_eta2p1_Reg_v1, 1, 1, 1, 10.75, 1, 1, 6070, 23.69, -12.94, 10.75, -0.55, 0.45, -1.2
HLT_L2Mu40_NoVertex_3Sta_NoBPTX3BX_v5, 1, 1, 1, 10.75, 1, 1, 1799, 7.02, 3.73, 10.75, 0.53, 1.53, 0.35
HLT_DoubleL2Mu25NoVtx_2Cha_CosmicSeed_v2, 1, 1, 1, 10.75, 1, 1, 2830, 11.04, -0.29, 10.75, -0.03, 0.97, -0.03
HLT_Mu30_TkMu0_Psi_v1, 1, 1, 1, 10.75, 1, 1, 773, 3.02, 7.73, 10.75, 2.56, 3.56, 0.72
HLT_L2Mu45_NoVertex_3Sta_NoBPTX3BX_v4, 1, 1, 1, 10.75, 1, 1, 1589, 6.2, 4.55, 10.75, 0.73, 1.73, 0.42
HLT_AK8PFJet330_TrimMass30_PFAK8BoostedDoubleB_np2_v2, 1, 1, 1, 10.75, 1, 1, 13124, 51.24, -40.49, 10.76, -0.79, 0.21, -3.76
HLT_Ele24_eta2p1_WPTight_Gsf_TightChargedIsoPFTauHPS30_eta2p1_CrossL1_v1, 1, 1, 1, 10.75, 1, 1, 2495, 9.75, 1.0, 10.75, 0.1, 1.1, 0.09
HLT_MediumChargedIsoPFTau220HighPtRelaxedIso_Trk50_eta2p1_v12, 1, 1, 1, 10.75, 1, 1, 2636, 10.29, 0.46, 10.75, 0.04, 1.04, 0.04
HLT_PFHT450_SixPFJet36_v7, 1, 1, 1, 10.75, 1, 25, 231, 0.9, 9.85, 10.75, 10.89, 11.91, 0.92
HLT_PFMET120_PFMHT120_IDTight_CaloBTagDeepCSV_3p1_v8, 1, 1, 1, 10.75, 1, 1, 1183, 4.61, 6.14, 10.75, 1.33, 2.33, 0.57
HLT_Ele50_CaloIdVT_GsfTrkIdT_PFJet165_v18, 1, 1, 1, 10.75, 1, 1, 3199, 12.48, -1.73, 10.75, -0.14, 0.86, -0.16
HLT_Photon20_HoverELoose_v10, 980, 2, 1, 10.75, 7600, 2, 1073, 4.19, 6.56, 10.75, 1.56, 2.57, 0.61
HLT_DoubleMu4_3_Bs_v14, 1, 1, 1, 10.75, 1, 1, 3712, 14.48, -3.73, 10.75, -0.26, 0.74, -0.35
HLT_DoubleL2Mu25NoVtx_2Cha_Eta2p4_v2, 1, 1, 1, 10.75, 1, 1, 5121, 19.99, -9.24, 10.75, -0.46, 0.54, -0.86
HLT_DoubleTightChargedIsoPFTauHPS40_Trk1_TightID_eta2p1_Reg_v1, 1, 1, 1, 10.75, 1, 1, 4167, 16.27, -5.52, 10.75, -0.34, 0.66, -0.51
HLT_TriplePhoton_20_20_20_CaloIdLV2_v3, 1, 1, 1, 10.75, 1, 1, 1509, 5.89, 4.86, 10.75, 0.83, 1.83, 0.45
HLT_BTagMu_AK4DiJet110_Mu5_v13, 60, 1, 1, 10.75, 13, 1, 1371, 5.35, 5.4, 10.75, 1.01, 2.01, 0.5
HLT_PFJetFwd140_v18, 45, 1, 0, 0.0, 250, 1, 451, 1.76, -1.76, 0.0, -1.0, 0.05, 0.0
HLT_Mu27_v13, 1, 500, 0, 0.0, 1, 500, 283, 1.11, -1.11, 0.0, -1.0, 0.06, 0.0
HLT_AK8PFJet40_v16, 7193, 250, 0, 0.0, 17881, 250, 880, 3.44, -3.44, 0.0, -1.0, 0.03, 0.0
HLT_Mu19_TrkIsoVVL_Mu9_TrkIsoVVL_DZ_v3, 1, 20, 0, 0.0, 1, 20, 408, 1.59, -1.59, 0.0, -1.0, 0.05, 0.0
HLT_Photon75_R9Id90_HE10_IsoM_EBOnly_CaloMJJ400_PFJetsMJJ600DEta3_v5, 1, 1, 0, 0.0, 1, 1, 697, 2.73, -2.73, 0.0, -1.0, 0.04, 0.0
HLT_CaloMET350_HBHECleaned_v4, 1, 1, 0, 0.0, 1, 1, 816, 3.18, -3.18, 0.0, -1.0, 0.04, 0.0
HLT_Mu3er1p5_PFJet100er2p5_PFMETNoMu80_PFMHTNoMu80_IDTight_v2, 1, 0, 0, 0.0, 63000, 0, 0, 0.0, 0.0, 0.0, 0, 0, 0
HLT_Mu12_DoublePFJets62MaxDeta1p6_DoubleCaloBTagDeepCSV_p71_v2, 1, 1, 0, 0.0, 1, 1, 921, 3.59, -3.59, 0.0, -1.0, 0.03, 0.0
HLT_BTagMu_AK4DiJet20_Mu5_v13, 360, 4, 0, 0.0, 400, 4, 1432, 5.59, -5.59, 0.0, -1.0, 0.03, 0.0
HLT_Mu20_Mu10_v4, 1, 40, 0, 0.0, 1, 40, 259, 1.01, -1.01, 0.0, -1.0, 0.06, 0.0
HLT_Mu7p5_Track3p5_Jpsi_v11, 320, 1, 0, 0.0, 670, 1, 246, 0.96, -0.96, 0.0, -1.0, 0.06, 0.0
HLT_PFHT350MinPFJet15_v9, 1, 3072, 0, 0.0, 1, 3072, 150, 0.59, -0.59, 0.0, -1.0, 0.08, 0.0
HLT_DiPFJetAve220_HFJEC_v16, 1, 6, 0, 0.0, 1, 8, 548, 2.14, -2.14, 0.0, -1.0, 0.04, 0.0
HLT_Dimuon0_LowMass_L1_4R_v7, 1, 0, 0, 0.0, 1, 0, 0, 0.0, 0.0, 0.0, 0, 0, 0
HLT_L1_CDC_SingleMu_3_er1p2_TOP120_DPHI2p618_3p142_v2, 50, 1, 0, 0.0, 190, 1, 438, 1.71, -1.71, 0.0, -1.0, 0.05, 0.0
HLT_AK8PFJet330_TrimMass30_PFAK8BoostedDoubleB_p02_v3, 1, 1, 0, 0.0, 1, 1, 5444, 21.25, -21.25, 0.0, -1.0, 0.01, 0.0
HLT_MediumChargedIsoPFTau50_Trk30_eta2p1_1pr_MET130_v8, 1, 1, 0, 0.0, 1, 1, 106, 0.41, -0.41, 0.0, -1.0, 0.1, 0.0
HLT_AK8PFJetFwd260_v15, 1, 8, 0, 0.0, 1, 8, 1032, 4.03, -4.03, 0.0, -1.0, 0.03, 0.0
HLT_Tau3Mu_Mu7_Mu1_TkMu1_IsoTau15_Charge1_v4, 1, 1, 0, 0.0, 1, 1, 2253, 8.79, -8.79, 0.0, -1.0, 0.02, 0.0
HLT_Mu25_TkMu0_Onia_v8, 1, 0, 0, 0.0, 1, 0, 0, 0.0, 0.0, 0.0, 0, 0, 0
HLT_HT425_v9, 1, 512, 0, 0.0, 1, 512, 410, 1.61, -1.61, 0.0, -1.0, 0.05, 0.0
HLT_Ele250_CaloIdVT_GsfTrkIdT_v13, 1, 1, 0, 0.0, 1, 1, 205, 0.8, -0.8, 0.0, -1.0, 0.07, 0.0
HLT_Photon50_R9Id90_HE10_IsoM_EBOnly_PFJetsMJJ300DEta3_PFMET50_v5, 1, 1, 0, 0.0, 1, 1, 1272, 4.97, -4.97, 0.0, -1.0, 0.03, 0.0
HLT_Mu8_TrkIsoVVL_Ele23_CaloIdL_TrackIdL_IsoVL_v11, 1, 16, 0, 0.0, 1, 16, 242, 0.94, -0.94, 0.0, -1.0, 0.06, 0.0
HLT_PFJetFwd320_v19, 1, 4, 0, 0.0, 1, 4, 382, 1.49, -1.49, 0.0, -1.0, 0.05, 0.0
HLT_Dimuon18_PsiPrime_v14, 1, 1, 0, 0.0, 1, 1, 1192, 4.65, -4.65, 0.0, -1.0, 0.03, 0.0
HLT_Ele27_WPTight_Gsf_v16, 1, 0, 0, 0.0, 1, 0, 0, 0.0, 0.0, 0.0, 0, 0, 0
HLT_Ele300_CaloIdVT_GsfTrkIdT_v13, 1, 1, 0, 0.0, 1, 1, 91, 0.36, -0.36, 0.0, -1.0, 0.1, 0.0
HLT_AK8PFJet260_v16, 1, 128, 0, 0.0, 1, 128, 705, 2.75, -2.75, 0.0, -1.0, 0.04, 0.0
HLT_IsoMu20_v15, 100, 1, 0, 0.0, 210, 1, 508, 1.99, -1.99, 0.0, -1.0, 0.04, 0.0
HLT_Dimuon0_Upsilon_Muon_L1_TM0_v6, 0, 0, 0, 0.0, 0, 0, 0, 0.0, 0.0, 0.0, 0, 0, 0
HLT_CaloMET250_NotCleaned_v4, 1, 8, 0, 0.0, 1, 8, 357, 1.39, -1.39, 0.0, -1.0, 0.05, 0.0
HLT_CaloMET100_NotCleaned_v4, 1, 128, 0, 0.0, 1, 128, 451, 1.76, -1.76, 0.0, -1.0, 0.05, 0.0
HLT_Tau3Mu_Mu7_Mu1_TkMu1_Tau15_Charge1_v4, 1, 10, 0, 0.0, 1, 10, 603, 2.36, -2.36, 0.0, -1.0, 0.04, 0.0
HLT_PFJetFwd25_v3, 7193, 0, 0, 0.0, 17881, 0, 0, 0.0, 0.0, 0.0, 0, 0, 0
HLT_Mu3er1p5_PFJet100er2p5_PFMET70_PFMHT70_IDTight_v2, 1, 180, 0, 0.0, 63000, 180, 36, 0.14, -0.14, 0.0, -1.0, 0.17, 0.0
HLT_PFMET130_PFMHT130_IDTight_CaloBTagDeepCSV_3p1_v8, 1, 1, 0, 0.0, 1, 1, 829, 3.24, -3.24, 0.0, -1.0, 0.03, 0.0
HLT_Mu20_v12, 100, 5, 0, 0.0, 210, 5, 336, 1.31, -1.31, 0.0, -1.0, 0.05, 0.0
HLT_Mu8_TrkIsoVVL_v12, 320, 32, 0, 0.0, 670, 32, 554, 2.17, -2.17, 0.0, -1.0, 0.04, 0.0
HLT_CaloMET90_HBHECleaned_v4, 1, 128, 0, 0.0, 1, 128, 439, 1.72, -1.72, 0.0, -1.0, 0.05, 0.0
HLT_PFMET200_NotCleaned_v9, 1, 16, 0, 0.0, 1, 16, 356, 1.39, -1.39, 0.0, -1.0, 0.05, 0.0
HLT_QuadPFJet111_90_80_15_v5, 1, 512, 0, 0.0, 1, 512, 276, 1.08, -1.08, 0.0, -1.0, 0.06, 0.0
HLT_MediumChargedIsoPFTau50_Trk30_eta2p1_1pr_MET140_v3, 1, 1, 0, 0.0, 1, 1, 68, 0.27, -0.27, 0.0, -1.0, 0.12, 0.0
HLT_PFHT800_PFMET85_PFMHT85_IDTight_v12, 1, 1, 0, 0.0, 1, 1, 1021, 3.99, -3.99, 0.0, -1.0, 0.03, 0.0
HLT_Photon75_R9Id90_HE10_IsoM_v14, 1, 64, 0, 0.0, 1, 64, 344, 1.34, -1.34, 0.0, -1.0, 0.05, 0.0
HLT_Mu23_Mu12_SameSign_DZ_v4, 1, 1, 0, 0.0, 1, 1, 704, 2.75, -2.75, 0.0, -1.0, 0.04, 0.0
HLT_DiPFJetAve60_v14, 7193, 4, 0, 0.0, 17881, 5, 218, 0.85, -0.85, 0.0, -1.0, 0.07, 0.0
HLT_TriplePhoton_30_30_10_CaloIdLV2_R9IdVL_v4, 1, 1, 0, 0.0, 1, 1, 1796, 7.01, -7.01, 0.0, -1.0, 0.02, 0.0
HLT_DiPFJetAve140_v13, 500, 1, 0, 0.0, 1500, 1, 452, 1.77, -1.77, 0.0, -1.0, 0.05, 0.0
HLT_DoublePhoton70_v6, 1, 1, 0, 0.0, 1, 1, 2264, 8.84, -8.84, 0.0, -1.0, 0.02, 0.0
HLT_DiPFJetAve40_v14, 7193, 16, 0, 0.0, 17881, 25, 257, 1.01, -1.01, 0.0, -1.0, 0.06, 0.0
HLT_DoubleMu4_Jpsi_NoVertexing_v7, 1, 240, 0, 0.0, 1, 240, 337, 1.31, -1.31, 0.0, -1.0, 0.05, 0.0
HLT_DoubleMu3_DZ_PFMET50_PFMHT60_v10, 1, 1, 0, 0.0, 1, 1, 1455, 5.68, -5.68, 0.0, -1.0, 0.03, 0.0
HLT_RsqMR320_Rsq0p09_MR200_v15, 1, 1, 0, 0.0, 1, 1, 1655, 6.46, -6.46, 0.0, -1.0, 0.02, 0.0
HLT_MonoCentralPFJet80_PFMETNoMu110_PFMHTNoMu110_IDTight_v20, 1, 0, 0, 0.0, 1, 0, 0, 0.0, 0.0, 0.0, 0, 0, 0
HLT_Mu23_Mu12_DZ_v4, 1, 20, 0, 0.0, 1, 20, 371, 1.45, -1.45, 0.0, -1.0, 0.05, 0.0
HLT_PFJetFwd450_v19, 1, 1, 0, 0.0, 1, 1, 114, 0.45, -0.45, 0.0, -1.0, 0.09, 0.0
HLT_HcalIsolatedbunch_v5, 110, 1, 0, 0.0, 110, 1, 0, 0.0, 0.0, 0.0, 0, 0, 0
HLT_Mu7p5_Track3p5_Upsilon_v11, 320, 1, 0, 0.0, 670, 1, 59, 0.23, -0.23, 0.0, -1.0, 0.13, 0.0
HLT_Mu7p5_Track2_Upsilon_v11, 320, 1, 0, 0.0, 670, 1, 117, 0.46, -0.46, 0.0, -1.0, 0.09, 0.0
HLT_Ele28_HighEta_SC20_Mass55_v13, 1, 1, 0, 0.0, 1, 1, 1994, 7.78, -7.78, 0.0, -1.0, 0.02, 0.0
HLT_Mu30_TkMu0_Upsilon_v1, 1, 1, 0, 0.0, 1, 1, 182, 0.71, -0.71, 0.0, -1.0, 0.07, 0.0
HLT_Photon75_R9Id90_HE10_IsoM_EBOnly_CaloMJJ300_PFJetsMJJ400DEta3_v5, 1, 1, 0, 0.0, 1, 1, 1241, 4.84, -4.84, 0.0, -1.0, 0.03, 0.0
HLT_Dimuon0_Jpsi_NoVertexing_v8, 190, 16, 0, 0.0, 0, 16, 16, 0.06, -0.06, 0.0, -1.0, 0.25, 0.0
HLT_Ele50_IsoVVVL_PFHT450_v16, 1, 1, 0, 0.0, 44000, 1, 596, 2.33, -2.33, 0.0, -1.0, 0.04, 0.0
HLT_Mu19_TrkIsoVVL_Mu9_TrkIsoVVL_v3, 1, 20, 0, 0.0, 1, 20, 431, 1.68, -1.68, 0.0, -1.0, 0.05, 0.0
HLT_HT430_DisplacedDijet60_DisplacedTrack_v13, 1, 1, 0, 0.0, 1, 1, 687, 2.69, -2.69, 0.0, -1.0, 0.04, 0.0
HLT_AK8PFJet380_TrimMass30_v11, 1, 0, 0, 0.0, 1, 0, 0, 0.0, 0.0, 0.0, 0, 0, 0
HLT_AK8PFJet330_TrimMass30_PFAK8BTagDeepCSV_p1_v2, 1, 1, 0, 0.0, 1, 1, 2357, 9.2, -9.2, 0.0, -1.0, 0.02, 0.0
HLT_L1ETMHadSeeds_v2, 1, 1024, 0, 0.0, 1, 1024, 468, 1.82, -1.82, 0.0, -1.0, 0.05, 0.0
HLT_PFJetFwd200_v18, 8, 1, 0, 0.0, 40, 1, 266, 1.04, -1.04, 0.0, -1.0, 0.06, 0.0
HLT_PFMET110_PFMHT110_IDTight_v20, 1, 0, 0, 0.0, 1, 0, 0, 0.0, 0.0, 0.0, 0, 0, 0
HLT_Dimuon0_LowMass_v8, 190, 32, 0, 0.0, 0, 32, 14, 0.05, -0.05, 0.0, -1.0, 0.27, 0.0
HLT_Mu18_Mu9_SameSign_v4, 1, 1, 0, 0.0, 1, 1, 2401, 9.38, -9.38, 0.0, -1.0, 0.02, 0.0
HLT_Mu3er1p5_PFJet100er2p5_PFMET100_PFMHT100_IDTight_v2, 1, 1, 0, 0.0, 63000, 1, 967, 3.77, -3.77, 0.0, -1.0, 0.03, 0.0
HLT_Dimuon0_Jpsi_L1_4R_0er1p5R_v7, 1, 300, 0, 0.0, 1, 300, 310, 1.21, -1.21, 0.0, -1.0, 0.06, 0.0
HLT_L2Mu50_v2, 1, 500, 0, 0.0, 1, 500, 286, 1.12, -1.12, 0.0, -1.0, 0.06, 0.0
HLT_TrkMu17_DoubleTrkMu8NoFiltersNoVtx_v13, 1, 1, 0, 0.0, 1, 1, 369, 1.44, -1.44, 0.0, -1.0, 0.05, 0.0
HLT_Photon60_R9Id90_CaloIdL_IsoL_DisplacedIdL_v5, 1, 128, 0, 0.0, 1, 128, 310, 1.21, -1.21, 0.0, -1.0, 0.06, 0.0
HLT_AK8PFHT750_TrimMass50_v12, 1, 0, 0, 0.0, 1, 0, 0, 0.0, 0.0, 0.0, 0, 0, 0
HLT_TripleMu_5_3_3_Mass3p8_DZ_v8, 1, 1, 0, 0.0, 1, 1, 2491, 9.72, -9.72, 0.0, -1.0, 0.02, 0.0
HLT_Dimuon18_PsiPrime_noCorrL1_v6, 1, 1, 0, 0.0, 1, 1, 597, 2.33, -2.33, 0.0, -1.0, 0.04, 0.0
HLT_Dimuon0_LowMass_L1_0er1p5R_v7, 1, 0, 0, 0.0, 1, 0, 0, 0.0, 0.0, 0.0, 0, 0, 0
HLT_DiPFJetAve80_HFJEC_v15, 370, 1, 0, 0.0, 5100, 1, 160, 0.62, -0.62, 0.0, -1.0, 0.08, 0.0
HLT_Mu8_TrkIsoVVL_Ele23_CaloIdL_TrackIdL_IsoVL_DZ_PFDiJet30_PFBtagDeepCSV_1p5_v1, 1, 1, 0, 0.0, 1, 1, 408, 1.59, -1.59, 0.0, -1.0, 0.05, 0.0
HLT_DoubleMu33NoFiltersNoVtxDisplaced_v1, 1, 1, 0, 0.0, 1, 1, 139, 0.55, -0.55, 0.0, -1.0, 0.08, 0.0
HLT_Mu3er1p5_PFJet100er2p5_PFMETNoMu70_PFMHTNoMu70_IDTight_v2, 1, 270, 0, 0.0, 63000, 270, 31, 0.11, -0.11, 0.0, -1.0, 0.18, 0.0
HLT_HT650_DisplacedDijet60_Inclusive_v13, 1, 1, 0, 0.0, 1, 1, 500, 1.95, -1.95, 0.0, -1.0, 0.04, 0.0
HLT_HcalNZS_v13, 1, 1, 0, 0.0, 1, 1, 348, 1.36, -1.36, 0.0, -1.0, 0.05, 0.0
HLT_Dimuon0_Upsilon_L1_5_v9, 80, 0, 0, 0.0, 80, 0, 0, 0.0, 0.0, 0.0, 0, 0, 0
HLT_PFMETTypeOne120_PFMHT120_IDTight_PFHT60_v9, 1, 0, 0, 0.0, 1, 0, 0, 0.0, 0.0, 0.0, 0, 0, 0
HLT_Ele135_CaloIdVT_GsfTrkIdT_v7, 1, 1, 0, 0.0, 1, 1, 2674, 10.43, -10.43, 0.0, -1.0, 0.02, 0.0
HLT_Tau3Mu_Mu7_Mu1_TkMu1_Tau15_v4, 1, 10, 0, 0.0, 1, 10, 612, 2.39, -2.39, 0.0, -1.0, 0.04, 0.0
HLT_PFMET250_HBHECleaned_v9, 1, 1, 0, 0.0, 1, 1, 2592, 10.11, -10.11, 0.0, -1.0, 0.02, 0.0
HLT_IsoMu20_eta2p1_LooseChargedIsoPFTauHPS27_eta2p1_CrossL1_v3, 1, 1, 0, 0.0, 1, 1, 1444, 5.63, -5.63, 0.0, -1.0, 0.03, 0.0
HLT_PFHT450_SixPFJet36_PFBTagDeepCSV_1p59_v7, 1, 1, 0, 0.0, 1, 1, 2440, 9.53, -9.53, 0.0, -1.0, 0.02, 0.0
HLT_Dimuon0_Upsilon_L1_4p5er2p0M_v7, 1, 180, 0, 0.0, 1, 180, 164, 0.64, -0.64, 0.0, -1.0, 0.08, 0.0
HLT_PFJet40_v21, 7193, 15, 0, 0.0, 17881, 15, 955, 3.73, -3.73, 0.0, -1.0, 0.03, 0.0
HLT_Mu8_TrkIsoVVL_Ele23_CaloIdL_TrackIdL_IsoVL_DZ_v13, 1, 1, 0, 0.0, 1, 1, 2120, 8.28, -8.28, 0.0, -1.0, 0.02, 0.0
HLT_TkMu100_v2, 1, 1, 0, 0.0, 1, 1, 1171, 4.57, -4.57, 0.0, -1.0, 0.03, 0.0
HLT_Ele8_CaloIdL_TrackIdL_IsoVL_PFJet30_v16, 980, 1, 0, 0.0, 7600, 1, 506, 1.97, -1.97, 0.0, -1.0, 0.04, 0.0
HLT_AK8PFHT800_TrimMass50_v12, 1, 1, 0, 0.0, 1, 1, 3925, 15.32, -15.32, 0.0, -1.0, 0.02, 0.0
HLT_DoubleMu40NoFiltersNoVtxDisplaced_v1, 1, 1, 0, 0.0, 1, 1, 77, 0.31, -0.31, 0.0, -1.0, 0.11, 0.0
HLT_Photon175_v14, 1, 64, 0, 0.0, 1, 64, 95, 0.37, -0.37, 0.0, -1.0, 0.1, 0.0
HLT_AK8PFJetFwd25_v3, 7193, 0, 0, 0.0, 17881, 0, 0, 0.0, 0.0, 0.0, 0, 0, 0
HLT_PFMET200_HBHECleaned_v9, 1, 16, 0, 0.0, 1, 16, 326, 1.27, -1.27, 0.0, -1.0, 0.06, 0.0
HLT_Mu48NoFiltersNoVtx_Photon48_CaloIdL_v5, 1, 1, 0, 0.0, 1, 1, 371, 1.45, -1.45, 0.0, -1.0, 0.05, 0.0
HLT_PFJetFwd400_v19, 1, 1, 0, 0.0, 1, 1, 288, 1.12, -1.12, 0.0, -1.0, 0.06, 0.0
HLT_DoublePFJets100_CaloBTagDeepCSV_p71_v2, 1, 2, 0, 0.0, 170, 2, 283, 1.11, -1.11, 0.0, -1.0, 0.06, 0.0
HLT_PFJet550_v11, 1, 1, 0, 0.0, 1, 1, 1972, 7.69, -7.69, 0.0, -1.0, 0.02, 0.0
HLT_AK8PFJetFwd140_v14, 45, 2, 0, 0.0, 250, 2, 467, 1.82, -1.82, 0.0, -1.0, 0.05, 0.0
HLT_DoubleMu3_DoubleEle7p5_CaloIdL_TrackIdL_Upsilon_v4, 1, 1, 0, 0.0, 1, 1, 63, 0.24, -0.24, 0.0, -1.0, 0.13, 0.0
HLT_PFHT430_v17, 90, 1, 0, 0.0, 500, 1, 348, 1.36, -1.36, 0.0, -1.0, 0.05, 0.0
HLT_DiMu9_Ele9_CaloIdL_TrackIdL_v17, 1, 2, 0, 0.0, 1, 2, 323, 1.26, -1.26, 0.0, -1.0, 0.06, 0.0
HLT_Rsq0p40_v15, 1, 1, 0, 0.0, 1, 1, 136, 0.54, -0.54, 0.0, -1.0, 0.09, 0.0
HLT_Dimuon0_Upsilon_L1_4p5NoOS_v8, 80, 0, 0, 0.0, 80, 0, 0, 0.0, 0.0, 0.0, 0, 0, 0
HLT_PFJetFwd40_v19, 7193, 25, 0, 0.0, 17881, 25, 260, 1.02, -1.02, 0.0, -1.0, 0.06, 0.0
HLT_Mu20_Mu10_SameSign_v4, 1, 1, 0, 0.0, 1, 1, 1520, 5.94, -5.94, 0.0, -1.0, 0.03, 0.0
HLT_Dimuon0_LowMass_L1_4_v8, 87, 2, 0, 0.0, 0, 2, 278, 1.08, -1.08, 0.0, -1.0, 0.06, 0.0
HLT_Mu7p5_Track7_Jpsi_v11, 320, 1, 0, 0.0, 670, 1, 83, 0.32, -0.32, 0.0, -1.0, 0.11, 0.0
HLT_Dimuon0_Upsilon_L1_4p5_v9, 80, 16, 0, 0.0, 80, 16, 38, 0.15, -0.15, 0.0, -1.0, 0.16, 0.0
HLT_Mu3er1p5_PFJet100er2p5_PFMETNoMu90_PFMHTNoMu90_IDTight_v2, 1, 0, 0, 0.0, 63000, 0, 0, 0.0, 0.0, 0.0, 0, 0, 0
HLT_Mu37_Ele27_CaloIdL_MW_v5, 1, 1, 0, 0.0, 1, 1, 588, 2.29, -2.29, 0.0, -1.0, 0.04, 0.0
HLT_MediumChargedIsoPFTau180HighPtRelaxedIso_Trk50_eta2p1_1pr_v11, 1, 1, 0, 0.0, 1, 1, 419, 1.63, -1.63, 0.0, -1.0, 0.05, 0.0
HLT_Dimuon0_Jpsi_v8, 190, 16, 0, 0.0, 0, 16, 11, 0.04, -0.04, 0.0, -1.0, 0.3, 0.0
HLT_PFHT330PT30_QuadPFJet_75_60_45_40_v9, 1, 128, 0, 0.0, 1, 128, 913, 3.57, -3.57, 0.0, -1.0, 0.03, 0.0
HLT_ZeroBias_FirstCollisionInTrain_v4, 0, 1, 0, 0.0, 269167, 1, 3, 0.01, -0.01, 0.0, -1.0, 0.58, 0.0
HLT_CaloJet500_NoJetID_v12, 1, 1, 0, 0.0, 1, 1, 3599, 14.05, -14.05, 0.0, -1.0, 0.02, 0.0
HLT_AK8PFJetFwd200_v14, 8, 1, 0, 0.0, 40, 1, 467, 1.82, -1.82, 0.0, -1.0, 0.05, 0.0
HLT_Mu23_TrkIsoVVL_Ele12_CaloIdL_TrackIdL_IsoVL_v7, 1, 1, 0, 0.0, 1, 1, 1195, 4.66, -4.66, 0.0, -1.0, 0.03, 0.0
HLT_UncorrectedJetE30_NoBPTX_v6, 4000, 1, 0, 0.0, 4000, 1, 2, 0.01, -0.01, 0.0, -1.0, 0.71, 0.0
HLT_Mu3er1p5_PFJet100er2p5_PFMET90_PFMHT90_IDTight_v2, 1, 1, 0, 0.0, 63000, 1, 1654, 6.46, -6.46, 0.0, -1.0, 0.02, 0.0
HLT_CaloMET80_HBHECleaned_v4, 1, 128, 0, 0.0, 1, 128, 572, 2.23, -2.23, 0.0, -1.0, 0.04, 0.0
HLT_Photon100EEHE10_v1, 1, 32, 0, 0.0, 1, 32, 570, 2.23, -2.23, 0.0, -1.0, 0.04, 0.0
HLT_PFHT510_v17, 1, 256, 0, 0.0, 1, 256, 349, 1.36, -1.36, 0.0, -1.0, 0.05, 0.0
HLT_DoubleMu4_Mass3p8_DZ_PFHT350_v8, 1, 1, 0, 0.0, 1, 1, 1246, 4.87, -4.87, 0.0, -1.0, 0.03, 0.0
HLT_Photon165_R9Id90_HE10_IsoM_v15, 1, 4, 0, 0.0, 1, 4, 277, 1.08, -1.08, 0.0, -1.0, 0.06, 0.0
HLT_TriplePhoton_30_30_10_CaloIdLV2_v4, 1, 1, 0, 0.0, 1, 1, 2864, 11.18, -11.18, 0.0, -1.0, 0.02, 0.0
HLT_Ele15_IsoVVVL_PFHT450_PFMET50_v16, 1, 1, 0, 0.0, 44000, 1, 352, 1.38, -1.38, 0.0, -1.0, 0.05, 0.0
HLT_Photon75_R9Id90_HE10_IsoM_EBOnly_PFJetsMJJ300DEta3_v5, 1, 1, 0, 0.0, 1, 1, 1531, 5.97, -5.97, 0.0, -1.0, 0.03, 0.0
HLT_CaloJet550_NoJetID_v7, 1, 1, 0, 0.0, 1, 1, 2197, 8.57, -8.57, 0.0, -1.0, 0.02, 0.0
HLT_DiPFJetAve300_HFJEC_v16, 1, 1, 0, 0.0, 1, 1, 563, 2.2, -2.2, 0.0, -1.0, 0.04, 0.0
HLT_AK8PFJet400_v16, 1, 16, 0, 0.0, 1, 16, 700, 2.73, -2.73, 0.0, -1.0, 0.04, 0.0
HLT_L2Mu10_NoVertex_NoBPTX_v6, 4000, 1, 0, 0.0, 4000, 1, 26, 0.1, -0.1, 0.0, -1.0, 0.2, 0.0
HLT_PFJetFwd500_v19, 1, 1, 0, 0.0, 1, 1, 39, 0.15, -0.15, 0.0, -1.0, 0.16, 0.0
HLT_TripleMu_12_10_5_v10, 1, 1, 0, 0.0, 1, 1, 946, 3.69, -3.69, 0.0, -1.0, 0.03, 0.0
HLT_BTagMu_AK8Jet170_DoubleMu5_v2, 1, 1, 0, 0.0, 1, 1, 193, 0.75, -0.75, 0.0, -1.0, 0.07, 0.0
HLT_UncorrectedJetE30_NoBPTX3BX_v6, 4000, 1, 0, 0.0, 0, 1, 0, 0.0, 0.0, 0.0, 0, 0, 0
HLT_Mu18_Mu9_DZ_v4, 1, 40, 0, 0.0, 1, 40, 347, 1.35, -1.35, 0.0, -1.0, 0.05, 0.0
HLT_PFMETTypeOne110_PFMHT110_IDTight_v12, 1, 0, 0, 0.0, 1, 0, 0, 0.0, 0.0, 0.0, 0, 0, 0
HLT_ZeroBias_LastCollisionInTrain_v3, 269167, 1, 0, 0.0, 269167, 1, 672, 2.62, -2.62, 0.0, -1.0, 0.04, 0.0
HLT_Trimuon5_3p5_2_Upsilon_Muon_v5, 1, 1, 0, 0.0, 1, 1, 2757, 10.76, -10.76, 0.0, -1.0, 0.02, 0.0
HLT_MET120_IsoTrk50_v9, 1, 1, 0, 0.0, 1, 1, 245, 0.96, -0.96, 0.0, -1.0, 0.06, 0.0
HLT_AK8PFJet200_v15, 130, 1, 0, 0.0, 350, 1, 849, 3.31, -3.31, 0.0, -1.0, 0.03, 0.0
HLT_PFMETTypeOne120_PFMHT120_IDTight_v12, 1, 0, 0, 0.0, 1, 0, 0, 0.0, 0.0, 0.0, 0, 0, 0
HLT_Mu38NoFiltersNoVtxDisplaced_Photon38_CaloIdL_v1, 1, 1, 0, 0.0, 1, 1, 544, 2.13, -2.13, 0.0, -1.0, 0.04, 0.0
HLT_DoublePFJets200_CaloBTagDeepCSV_p71_v2, 70, 1, 0, 0.0, 70, 1, 121, 0.47, -0.47, 0.0, -1.0, 0.09, 0.0
HLT_Ele15_Ele8_CaloIdL_TrackIdL_IsoVL_v3, 70, 0, 0, 0.0, 1350, 0, 0, 0.0, 0.0, 0.0, 0, 0, 0
HLT_DiPFJetAve80_v13, 400, 1, 0, 0.0, 17000, 1, 358, 1.4, -1.4, 0.0, -1.0, 0.05, 0.0
HLT_Ele20_WPLoose_Gsf_v6, 70, 0, 0, 0.0, 1350, 0, 0, 0.0, 0.0, 0.0, 0, 0, 0
HLT_PFHT400_SixPFJet32_DoublePFBTagDeepCSV_2p94_v8, 1, 1, 0, 0.0, 1, 1, 2257, 8.82, -8.82, 0.0, -1.0, 0.02, 0.0
HLT_DoubleL2Mu50_v2, 1, 1, 0, 0.0, 1, 1, 2172, 8.48, -8.48, 0.0, -1.0, 0.02, 0.0
HLT_Mu23_TrkIsoVVL_Ele12_CaloIdL_TrackIdL_IsoVL_DZ_v15, 1, 1, 0, 0.0, 1, 1, 628, 2.45, -2.45, 0.0, -1.0, 0.04, 0.0
HLT_PFHT500_PFMET100_PFMHT100_IDTight_v12, 1, 1, 0, 0.0, 1, 1, 1686, 6.59, -6.59, 0.0, -1.0, 0.02, 0.0
HLT_TripleMu_10_5_5_DZ_v10, 1, 1, 0, 0.0, 1, 1, 1702, 6.65, -6.65, 0.0, -1.0, 0.02, 0.0
HLT_AK8PFHT900_TrimMass50_v11, 1, 1, 0, 0.0, 1, 1, 2412, 9.41, -9.41, 0.0, -1.0, 0.02, 0.0
HLT_TripleJet110_35_35_Mjj650_PFMET120_v9, 1, 1, 0, 0.0, 1, 1, 74, 0.29, -0.29, 0.0, -1.0, 0.12, 0.0
HLT_DiPFJetAve260_v14, 1, 96, 0, 0.0, 1, 128, 307, 1.2, -1.2, 0.0, -1.0, 0.06, 0.0
HLT_TrimuonOpen_5_3p5_2_Upsilon_Muon_v3, 1, 1, 0, 0.0, 1, 1, 1090, 4.25, -4.25, 0.0, -1.0, 0.03, 0.0
HLT_DoubleMu4_PsiPrimeTrk_Displaced_v15, 1, 1, 0, 0.0, 1, 1, 912, 3.55, -3.55, 0.0, -1.0, 0.03, 0.0
HLT_Ele20_WPTight_Gsf_v6, 70, 0, 0, 0.0, 1350, 0, 0, 0.0, 0.0, 0.0, 0, 0, 0
HLT_PFJetFwd15_v3, 7193, 0, 0, 0.0, 17881, 0, 0, 0.0, 0.0, 0.0, 0, 0, 0
HLT_IsoMu24_eta2p1_TightChargedIsoPFTauHPS35_Trk1_TightID_eta2p1_Reg_CrossL1_v1, 1, 1, 0, 0.0, 1, 1, 249, 0.97, -0.97, 0.0, -1.0, 0.06, 0.0
HLT_Mu12_DoublePFJets40_CaloBTagDeepCSV_p71_v2, 360, 1, 0, 0.0, 400, 1, 45, 0.18, -0.18, 0.0, -1.0, 0.15, 0.0
HLT_PFJet500_v21, 1, 1, 0, 0.0, 1, 1, 3199, 12.48, -12.48, 0.0, -1.0, 0.02, 0.0
HLT_Photon120_v13, 1, 128, 0, 0.0, 1, 128, 208, 0.82, -0.82, 0.0, -1.0, 0.07, 0.0
HLT_DoubleMu5_Upsilon_DoubleEle3_CaloIdL_TrackIdL_v4, 1, 1, 0, 0.0, 1, 1, 11, 0.04, -0.04, 0.0, -1.0, 0.3, 0.0
HLT_Mu17_TrkIsoVVL_Mu8_TrkIsoVVL_v14, 1, 20, 0, 0.0, 1, 20, 569, 2.22, -2.22, 0.0, -1.0, 0.04, 0.0
HLT_Dimuon0_LowMass_L1_0er1p5_v8, 51, 1, 0, 0.0, 0, 1, 313, 1.22, -1.22, 0.0, -1.0, 0.06, 0.0
HLT_ECALHT800_v10, 1, 1, 0, 0.0, 1, 1, 230, 0.89, -0.89, 0.0, -1.0, 0.07, 0.0
HLT_DoubleMu3_DZ_PFMET90_PFMHT90_v10, 1, 1, 0, 0.0, 1, 1, 165, 0.65, -0.65, 0.0, -1.0, 0.08, 0.0
HLT_CaloMET80_NotCleaned_v4, 1, 128, 0, 0.0, 1, 128, 770, 3.01, -3.01, 0.0, -1.0, 0.04, 0.0
HLT_Mu20_TkMu0_Phi_v8, 1, 0, 0, 0.0, 1, 0, 0, 0.0, 0.0, 0.0, 0, 0, 0
HLT_Ele12_CaloIdL_TrackIdL_IsoVL_PFJet30_v18, 70, 1, 0, 0.0, 1350, 1, 1098, 4.28, -4.28, 0.0, -1.0, 0.03, 0.0
HLT_AK8PFJetFwd80_v14, 370, 3, 0, 0.0, 5100, 3, 460, 1.8, -1.8, 0.0, -1.0, 0.05, 0.0
HLT_PFHT780_v17, 1, 32, 0, 0.0, 1, 32, 435, 1.69, -1.69, 0.0, -1.0, 0.05, 0.0
HLT_QuadPFJet98_83_71_15_v5, 1, 0, 0, 0.0, 1, 0, 0, 0.0, 0.0, 0.0, 0, 0, 0
HLT_ZeroBias_FirstBXAfterTrain_v3, 269167, 1, 0, 0.0, 269167, 1, 643, 2.51, -2.51, 0.0, -1.0, 0.04, 0.0
HLT_DoubleMu20_7_Mass0to30_L1_DM4_v7, 87, 0, 0, 0.0, 0, 0, 0, 0.0, 0.0, 0.0, 0, 0, 0
HLT_Mu8_TrkIsoVVL_Ele23_CaloIdL_TrackIdL_IsoVL_DZ_CaloDiJet30_CaloBtagDeepCSV_1p5_v1, 1, 1, 0, 0.0, 1, 1, 296, 1.16, -1.16, 0.0, -1.0, 0.06, 0.0
HLT_Photon20_v2, 70, 0, 0, 0.0, 1350, 0, 0, 0.0, 0.0, 0.0, 0, 0, 0
HLT_MET105_IsoTrk50_v9, 1, 1, 0, 0.0, 1, 1, 332, 1.3, -1.3, 0.0, -1.0, 0.05, 0.0
HLT_PFJet400_v20, 1, 16, 0, 0.0, 1, 16, 644, 2.51, -2.51, 0.0, -1.0, 0.04, 0.0
HLT_Photon150_v6, 1, 128, 0, 0.0, 1, 128, 91, 0.36, -0.36, 0.0, -1.0, 0.1, 0.0
HLT_CaloMET300_HBHECleaned_v4, 1, 4, 0, 0.0, 1, 4, 376, 1.46, -1.46, 0.0, -1.0, 0.05, 0.0
HLT_PFJetFwd60_v19, 4100, 1, 0, 0.0, 103000, 1, 121, 0.47, -0.47, 0.0, -1.0, 0.09, 0.0
HLT_RsqMR320_Rsq0p09_MR200_4jet_v15, 1, 1, 0, 0.0, 1, 1, 239, 0.93, -0.93, 0.0, -1.0, 0.06, 0.0
HLT_AK8PFJet25_v3, 7193, 0, 0, 0.0, 17881, 0, 0, 0.0, 0.0, 0.0, 0, 0, 0
HLT_DoubleMu20_7_Mass0to30_Photon23_v8, 1, 1, 0, 0.0, 1, 1, 224, 0.88, -0.88, 0.0, -1.0, 0.07, 0.0
HLT_MediumChargedIsoPFTau50_Trk30_eta2p1_1pr_MET110_v8, 1, 1, 0, 0.0, 1, 1, 246, 0.96, -0.96, 0.0, -1.0, 0.06, 0.0
HLT_Mu18_Mu9_SameSign_DZ_v4, 1, 1, 0, 0.0, 1, 1, 2083, 8.13, -8.13, 0.0, -1.0, 0.02, 0.0
HLT_Mu12_TrkIsoVVL_Ele23_CaloIdL_TrackIdL_IsoVL_DZ_v15, 1, 1, 0, 0.0, 1, 1, 1011, 3.95, -3.95, 0.0, -1.0, 0.03, 0.0
HLT_PFMET200_HBHE_BeamHaloCleaned_v9, 1, 1, 0, 0.0, 1, 1, 4666, 18.22, -18.22, 0.0, -1.0, 0.01, 0.0
HLT_Photon33_v5, 310, 32, 0, 0.0, 780, 32, 105, 0.41, -0.41, 0.0, -1.0, 0.1, 0.0
HLT_Mu12_DoublePFJets200_CaloBTagDeepCSV_p71_v2, 10, 1, 0, 0.0, 3, 1, 73, 0.28, -0.28, 0.0, -1.0, 0.12, 0.0
HLT_PFHT890_v17, 1, 16, 0, 0.0, 1, 16, 424, 1.66, -1.66, 0.0, -1.0, 0.05, 0.0
HLT_Ele23_CaloIdM_TrackIdM_PFJet30_v18, 70, 1, 0, 0.0, 1350, 1, 334, 1.3, -1.3, 0.0, -1.0, 0.05, 0.0
HLT_DoublePFJets40_CaloBTagDeepCSV_p71_v2, 620, 1, 0, 0.0, 8400, 1, 248, 0.97, -0.97, 0.0, -1.0, 0.06, 0.0
HLT_PFMETNoMu110_PFMHTNoMu110_IDTight_v20, 1, 0, 0, 0.0, 1, 0, 0, 0.0, 0.0, 0.0, 0, 0, 0
HLT_PFMET140_PFMHT140_IDTight_CaloBTagDeepCSV_3p1_v8, 1, 1, 0, 0.0, 1, 1, 607, 2.37, -2.37, 0.0, -1.0, 0.04, 0.0
HLT_DoubleEle8_CaloIdM_TrackIdM_Mass8_DZ_PFHT350_v20, 1, 1, 0, 0.0, 1, 1, 263, 1.03, -1.03, 0.0, -1.0, 0.06, 0.0
HLT_Dimuon24_Upsilon_noCorrL1_v6, 1, 1, 0, 0.0, 1, 1, 1404, 5.48, -5.48, 0.0, -1.0, 0.03, 0.0
HLT_Photon75_R9Id90_HE10_IsoM_EBOnly_PFJetsMJJ600DEta3_v5, 1, 1, 0, 0.0, 1, 1, 685, 2.68, -2.68, 0.0, -1.0, 0.04, 0.0
HLT_PFJet15_v3, 7193, 0, 0, 0.0, 17881, 0, 0, 0.0, 0.0, 0.0, 0, 0, 0
HLT_PFHT370_v17, 230, 1, 0, 0.0, 1600, 1, 219, 0.85, -0.85, 0.0, -1.0, 0.07, 0.0
HLT_PFJet450_v21, 1, 8, 0, 0.0, 1, 8, 660, 2.57, -2.57, 0.0, -1.0, 0.04, 0.0
HLT_HT550_DisplacedDijet60_Inclusive_v13, 1, 16, 0, 0.0, 1, 16, 75, 0.29, -0.29, 0.0, -1.0, 0.12, 0.0
HLT_QuadPFJet98_83_71_15_PFBTagDeepCSV_1p3_VBF2_v8, 1, 0, 0, 0.0, 1, 0, 0, 0.0, 0.0, 0.0, 0, 0, 0
HLT_IsoMu24_eta2p1_TightChargedIsoPFTauHPS35_Trk1_eta2p1_Reg_CrossL1_v1, 1, 1, 0, 0.0, 1, 1, 295, 1.15, -1.15, 0.0, -1.0, 0.06, 0.0
HLT_PFHT700_PFMET95_PFMHT95_IDTight_v12, 1, 1, 0, 0.0, 1, 1, 1000, 3.9, -3.9, 0.0, -1.0, 0.03, 0.0
HLT_PFMETNoMu100_PFMHTNoMu100_IDTight_PFHT60_v9, 1, 0, 0, 0.0, 1, 0, 0, 0.0, 0.0, 0.0, 0, 0, 0
HLT_PFJet200_v19, 130, 1, 0, 0.0, 350, 1, 709, 2.76, -2.76, 0.0, -1.0, 0.04, 0.0
HLT_OldMu100_v3, 1, 1, 0, 0.0, 1, 1, 2253, 8.79, -8.79, 0.0, -1.0, 0.02, 0.0
HLT_L1SingleMu25_v2, 1, 18000, 0, 0.0, 1, 18000, 141, 0.55, -0.55, 0.0, -1.0, 0.08, 0.0
HLT_DoubleMu43NoFiltersNoVtx_v4, 1, 1, 0, 0.0, 1, 1, 655, 2.56, -2.56, 0.0, -1.0, 0.04, 0.0
HLT_CaloMET250_HBHECleaned_v4, 1, 8, 0, 0.0, 1, 8, 317, 1.24, -1.24, 0.0, -1.0, 0.06, 0.0
HLT_AK8PFJet500_v16, 1, 1, 0, 0.0, 1, 1, 3496, 13.64, -13.64, 0.0, -1.0, 0.02, 0.0
HLT_DoubleMu2_Jpsi_DoubleTkMu0_Phi_v5, 1, 1, 0, 0.0, 1, 1, 1786, 6.97, -6.97, 0.0, -1.0, 0.02, 0.0
HLT_Mu50_IsoVVVL_PFHT450_v15, 1, 1, 0, 0.0, 63000, 1, 577, 2.25, -2.25, 0.0, -1.0, 0.04, 0.0
HLT_Mu25_TkMu0_Phi_v8, 1, 1, 0, 0.0, 1, 1, 911, 3.55, -3.55, 0.0, -1.0, 0.03, 0.0
HLT_Photon90_R9Id90_HE10_IsoM_v14, 1, 32, 0, 0.0, 1, 32, 323, 1.26, -1.26, 0.0, -1.0, 0.06, 0.0
HLT_VBF_DoubleMediumChargedIsoPFTauHPS20_Trk1_eta2p1_v1, 1, 1, 0, 0.0, 1, 1, 364, 1.43, -1.43, 0.0, -1.0, 0.05, 0.0
HLT_PFHT180_v17, 1400, 1, 0, 0.0, 11400, 1, 394, 1.54, -1.54, 0.0, -1.0, 0.05, 0.0
HLT_CaloMHT90_v4, 1, 128, 0, 0.0, 1, 128, 740, 2.89, -2.89, 0.0, -1.0, 0.04, 0.0
HLT_AK8PFJetFwd60_v14, 4100, 1, 0, 0.0, 103000, 1, 725, 2.83, -2.83, 0.0, -1.0, 0.04, 0.0
HLT_Mu23_Mu12_v4, 1, 20, 0, 0.0, 1, 20, 382, 1.49, -1.49, 0.0, -1.0, 0.05, 0.0
HLT_Mu8_TrkIsoVVL_Ele23_CaloIdL_TrackIdL_IsoVL_DZ_PFDiJet30_v1, 1, 1, 0, 0.0, 1, 1, 1365, 5.32, -5.32, 0.0, -1.0, 0.03, 0.0
HLT_BTagMu_AK4Jet300_Mu5_v12, 1, 1, 0, 0.0, 1, 1, 817, 3.18, -3.18, 0.0, -1.0, 0.03, 0.0
HLT_SinglePhoton20_Eta3p1ForPPRef_v9, 980, 0, 0, 0.0, 7600, 0, 0, 0.0, 0.0, 0.0, 0, 0, 0
HLT_IsoTrackHB_v4, 1, 1, 0, 0.0, 1, 1, 1831, 7.15, -7.15, 0.0, -1.0, 0.02, 0.0
HLT_Mu43NoFiltersNoVtxDisplaced_Photon43_CaloIdL_v1, 1, 1, 0, 0.0, 1, 1, 347, 1.35, -1.35, 0.0, -1.0, 0.05, 0.0
HLT_CaloMET70_HBHECleaned_v4, 1, 128, 0, 0.0, 1, 128, 756, 2.96, -2.96, 0.0, -1.0, 0.04, 0.0
HLT_PFJet260_v20, 1, 128, 0, 0.0, 1, 128, 619, 2.42, -2.42, 0.0, -1.0, 0.04, 0.0
HLT_Mu18_Mu9_v4, 1, 40, 0, 0.0, 1, 40, 378, 1.48, -1.48, 0.0, -1.0, 0.05, 0.0
HLT_DoubleMu48NoFiltersNoVtx_v4, 1, 1, 0, 0.0, 1, 1, 243, 0.94, -0.94, 0.0, -1.0, 0.06, 0.0
HLT_BTagMu_AK8Jet300_Mu5_v12, 1, 1, 0, 0.0, 1, 1, 921, 3.59, -3.59, 0.0, -1.0, 0.03, 0.0
HLT_Mu15_v3, 1300, 0, 0, 0.0, 1300, 0, 0, 0.0, 0.0, 0.0, 0, 0, 0
HLT_Mu17_TrkIsoVVL_v13, 1300, 1, 0, 0.0, 1300, 1, 351, 1.38, -1.38, 0.0, -1.0, 0.05, 0.0
HLT_PFHT800_PFMET75_PFMHT75_IDTight_v12, 1, 1, 0, 0.0, 1, 1, 1446, 5.64, -5.64, 0.0, -1.0, 0.03, 0.0
HLT_Ele15_IsoVVVL_PFHT450_v16, 1, 1, 0, 0.0, 44000, 1, 898, 3.5, -3.5, 0.0, -1.0, 0.03, 0.0
HLT_PFHT330PT30_QuadPFJet_75_60_45_40_TriplePFBTagDeepCSV_4p5_v3, 1, 1, 0, 0.0, 1, 1, 3601, 14.05, -14.05, 0.0, -1.0, 0.02, 0.0
HLT_AK8PFJetFwd15_v3, 7193, 0, 0, 0.0, 17881, 0, 0, 0.0, 0.0, 0.0, 0, 0, 0
HLT_IsoMu20_eta2p1_MediumChargedIsoPFTauHPS27_eta2p1_TightID_CrossL1_v1, 1, 1, 0, 0.0, 1, 1, 1201, 4.69, -4.69, 0.0, -1.0, 0.03, 0.0
HLT_Photon100EB_TightID_TightIso_v1, 1, 8, 0, 0.0, 1, 8, 606, 2.37, -2.37, 0.0, -1.0, 0.04, 0.0
HLT_Mu19_TrkIsoVVL_v4, 1300, 1, 0, 0.0, 1300, 1, 248, 0.97, -0.97, 0.0, -1.0, 0.06, 0.0
HLT_Mu23_Mu12_SameSign_v4, 1, 1, 0, 0.0, 1, 1, 766, 2.99, -2.99, 0.0, -1.0, 0.04, 0.0
HLT_TripleMu_5_3_3_Mass3p8_DCA_v3, 1, 1, 0, 0.0, 1, 1, 2323, 9.07, -9.07, 0.0, -1.0, 0.02, 0.0
HLT_Random_v3, 1, 40, 0, 0.0, 1, 40, 3205, 12.51, -12.51, 0.0, -1.0, 0.02, 0.0
HLT_Dimuon24_Phi_noCorrL1_v6, 1, 1, 0, 0.0, 1, 1, 484, 1.89, -1.89, 0.0, -1.0, 0.05, 0.0
HLT_Dimuon0_Upsilon_NoVertexing_v7, 1, 180, 0, 0.0, 1, 180, 270, 1.06, -1.06, 0.0, -1.0, 0.06, 0.0
HLT_DoubleMu3_DCA_PFMET50_PFMHT60_v10, 1, 1, 0, 0.0, 1, 1, 1966, 7.67, -7.67, 0.0, -1.0, 0.02, 0.0
HLT_Mu7p5_L2Mu2_Jpsi_v10, 190, 4, 0, 0.0, 430, 4, 41, 0.17, -0.17, 0.0, -1.0, 0.16, 0.0
HLT_SingleJet30_Mu12_SinglePFJet40_v11, 360, 8, 0, 0.0, 400, 6, 58, 0.23, -0.23, 0.0, -1.0, 0.13, 0.0
HLT_DiMu9_Ele9_CaloIdL_TrackIdL_DZ_v17, 1, 1, 0, 0.0, 1, 1, 328, 1.29, -1.29, 0.0, -1.0, 0.06, 0.0
HLT_PFHT590_v17, 1, 128, 0, 0.0, 1, 128, 386, 1.5, -1.5, 0.0, -1.0, 0.05, 0.0
HLT_Photon30_HoverELoose_v10, 980, 1, 0, 0.0, 7600, 1, 544, 2.13, -2.13, 0.0, -1.0, 0.04, 0.0
HLT_PFJet25_v3, 7193, 0, 0, 0.0, 17881, 0, 0, 0.0, 0.0, 0.0, 0, 0, 0
HLT_Dimuon0_Upsilon_L1_5M_v8, 1, 0, 0, 0.0, 1, 0, 0, 0.0, 0.0, 0.0, 0, 0, 0
HLT_PFMETTypeOne130_PFMHT130_IDTight_v12, 1, 0, 0, 0.0, 1, 0, 0, 0.0, 0.0, 0.0, 0, 0, 0
HLT_L2Mu10_v7, 1, 6000, 0, 0.0, 1, 6000, 323, 1.26, -1.26, 0.0, -1.0, 0.06, 0.0
HLT_Mu8_TrkIsoVVL_Ele23_CaloIdL_TrackIdL_IsoVL_DZ_CaloDiJet30_v1, 1, 1, 0, 0.0, 1, 1, 1108, 4.33, -4.33, 0.0, -1.0, 0.03, 0.0
HLT_PFMET300_HBHECleaned_v9, 1, 1, 0, 0.0, 1, 1, 1360, 5.31, -5.31, 0.0, -1.0, 0.03, 0.0
HLT_Ele15_IsoVVVL_PFHT600_v20, 1, 1, 0, 0.0, 44000, 1, 284, 1.11, -1.11, 0.0, -1.0, 0.06, 0.0
HLT_Dimuon20_Jpsi_Barrel_Seagulls_v7, 1, 0, 0, 0.0, 1, 0, 0, 0.0, 0.0, 0.0, 0, 0, 0
HLT_QuadPFJet105_88_76_15_v5, 1, 512, 0, 0.0, 1, 512, 374, 1.46, -1.46, 0.0, -1.0, 0.05, 0.0
HLT_DiPFJetAve100_HFJEC_v15, 370, 1, 0, 0.0, 5100, 1, 57, 0.22, -0.22, 0.0, -1.0, 0.13, 0.0
HLT_PFMETTypeOne100_PFMHT100_IDTight_PFHT60_v9, 1, 0, 0, 0.0, 1, 0, 0, 0.0, 0.0, 0.0, 0, 0, 0
HLT_ZeroBias_FirstCollisionAfterAbortGap_v5, 1103, 1, 0, 0.0, 1103, 1, 3261, 12.73, -12.73, 0.0, -1.0, 0.02, 0.0
HLT_AK8PFJet330_TrimMass30_PFAK8BTagDeepCSV_p17_v2, 1, 1, 0, 0.0, 1, 1, 4379, 17.1, -17.1, 0.0, -1.0, 0.02, 0.0
HLT_Tau3Mu_Mu7_Mu1_TkMu1_IsoTau15_v4, 1, 1, 0, 0.0, 1, 1, 2268, 8.85, -8.85, 0.0, -1.0, 0.02, 0.0
HLT_Ele23_CaloIdL_TrackIdL_IsoVL_PFJet30_v18, 70, 1, 0, 0.0, 1350, 1, 312, 1.22, -1.22, 0.0, -1.0, 0.06, 0.0
HLT_AK8PFJetFwd500_v15, 1, 1, 0, 0.0, 1, 1, 48, 0.19, -0.19, 0.0, -1.0, 0.14, 0.0
HLT_Mu43NoFiltersNoVtx_Photon43_CaloIdL_v5, 1, 1, 0, 0.0, 1, 1, 559, 2.18, -2.18, 0.0, -1.0, 0.04, 0.0
HLT_AK8PFJetFwd450_v15, 1, 1, 0, 0.0, 1, 1, 132, 0.51, -0.51, 0.0, -1.0, 0.09, 0.0
HLT_Mu12_DoublePFJets350_CaloBTagDeepCSV_p71_v2, 10, 1, 0, 0.0, 3, 1, 9, 0.04, -0.04, 0.0, -1.0, 0.33, 0.0
HLT_BTagMu_AK4DiJet170_Mu5_v12, 10, 1, 0, 0.0, 3, 1, 1456, 5.68, -5.68, 0.0, -1.0, 0.03, 0.0
HLT_UncorrectedJetE70_NoBPTX3BX_v6, 1, 1, 0, 0.0, 1, 1, 15, 0.06, -0.06, 0.0, -1.0, 0.26, 0.0
HLT_Mu8_Ele8_CaloIdM_TrackIdM_Mass8_PFHT350_DZ_v19, 1, 1, 0, 0.0, 1, 1, 543, 2.11, -2.11, 0.0, -1.0, 0.04, 0.0
HLT_DiPFJetAve400_v14, 1, 12, 0, 0.0, 1, 16, 345, 1.35, -1.35, 0.0, -1.0, 0.05, 0.0
HLT_Mu12_DoublePFJets54MaxDeta1p6_DoubleCaloBTagDeepCSV_p71_v2, 1, 1, 0, 0.0, 1, 1, 1199, 4.68, -4.68, 0.0, -1.0, 0.03, 0.0
HLT_Dimuon10_PsiPrime_Barrel_Seagulls_v7, 1, 0, 0, 0.0, 1, 0, 0, 0.0, 0.0, 0.0, 0, 0, 0
HLT_DiPFJetAve160_HFJEC_v15, 8, 1, 0, 0.0, 40, 1, 343, 1.34, -1.34, 0.0, -1.0, 0.05, 0.0
HLT_PFHT350_v19, 1, 256, 0, 0.0, 1, 256, 1480, 5.78, -5.78, 0.0, -1.0, 0.03, 0.0
HLT_AK8PFJetFwd400_v15, 1, 1, 0, 0.0, 1, 1, 344, 1.34, -1.34, 0.0, -1.0, 0.05, 0.0
HLT_Mu15_IsoVVVL_PFHT600_v19, 1, 1, 0, 0.0, 63000, 1, 469, 1.83, -1.83, 0.0, -1.0, 0.05, 0.0
HLT_PFJet80_v20, 400, 1, 0, 0.0, 17000, 1, 792, 3.1, -3.1, 0.0, -1.0, 0.04, 0.0
HLT_Dimuon0_Jpsi_L1_NoOS_v7, 190, 16, 0, 0.0, 430, 16, 11, 0.04, -0.04, 0.0, -1.0, 0.3, 0.0
HLT_AK8PFJet450_v16, 1, 8, 0, 0.0, 1, 8, 737, 2.88, -2.88, 0.0, -1.0, 0.04, 0.0
HLT_DiJet110_35_Mjj650_PFMET120_v9, 1, 1, 0, 0.0, 1, 1, 4012, 15.66, -15.66, 0.0, -1.0, 0.02, 0.0
HLT_Mu20_Mu10_DZ_v4, 1, 40, 0, 0.0, 1, 40, 248, 0.97, -0.97, 0.0, -1.0, 0.06, 0.0
HLT_BTagMu_AK8DiJet170_Mu5_v9, 10, 1, 0, 0.0, 3, 1, 1693, 6.61, -6.61, 0.0, -1.0, 0.02, 0.0
HLT_HT400_DisplacedDijet40_DisplacedTrack_v13, 1, 4, 0, 0.0, 1, 4, 337, 1.31, -1.31, 0.0, -1.0, 0.05, 0.0
HLT_Mu20_Mu10_SameSign_DZ_v4, 1, 1, 0, 0.0, 1, 1, 1353, 5.29, -5.29, 0.0, -1.0, 0.03, 0.0
HLT_Ele15_IsoVVVL_PFHT450_CaloBTagDeepCSV_4p5_v8, 1, 1, 0, 0.0, 44000, 1, 516, 2.01, -2.01, 0.0, -1.0, 0.04, 0.0
HLT_Ele200_CaloIdVT_GsfTrkIdT_v8, 1, 1, 0, 0.0, 1, 1, 590, 2.31, -2.31, 0.0, -1.0, 0.04, 0.0
HLT_RsqMR300_Rsq0p09_MR200_v15, 1, 1, 0, 0.0, 1, 1, 2583, 10.08, -10.08, 0.0, -1.0, 0.02, 0.0
HLT_Mu12_TrkIsoVVL_Ele23_CaloIdL_TrackIdL_IsoVL_v7, 1, 16, 0, 0.0, 1, 16, 93, 0.36, -0.36, 0.0, -1.0, 0.1, 0.0
HLT_PFJetFwd80_v18, 370, 1, 0, 0.0, 5100, 1, 538, 2.1, -2.1, 0.0, -1.0, 0.04, 0.0
HLT_Ele145_CaloIdVT_GsfTrkIdT_v8, 1, 1, 0, 0.0, 1, 1, 2061, 8.05, -8.05, 0.0, -1.0, 0.02, 0.0
HLT_Mu8_Ele8_CaloIdM_TrackIdM_Mass8_PFHT350_v19, 1, 5, 0, 0.0, 1, 5, 160, 0.62, -0.62, 0.0, -1.0, 0.08, 0.0
HLT_Rsq0p35_v15, 1, 1, 0, 0.0, 1, 1, 193, 0.75, -0.75, 0.0, -1.0, 0.07, 0.0
HLT_AK8PFJetFwd40_v15, 7193, 750, 0, 0.0, 17881, 750, 279, 1.08, -1.08, 0.0, -1.0, 0.06, 0.0
HLT_DiPFJetAve200_v13, 130, 1, 0, 0.0, 350, 1, 346, 1.35, -1.35, 0.0, -1.0, 0.05, 0.0
HLT_IsoMu20_eta2p1_LooseChargedIsoPFTauHPS27_eta2p1_TightID_CrossL1_v1, 1, 1, 0, 0.0, 1, 1, 1258, 4.9, -4.9, 0.0, -1.0, 0.03, 0.0
HLT_Photon60_R9Id90_CaloIdL_IsoL_DisplacedIdL_PFHT350MinPFJet15_v11, 1, 1, 0, 0.0, 1, 1, 2488, 9.71, -9.71, 0.0, -1.0, 0.02, 0.0
HLT_DoubleEle33_CaloIdL_MW_v17, 1, 1, 0, 0.0, 1, 1, 3444, 13.44, -13.44, 0.0, -1.0, 0.02, 0.0
HLT_DoublePhoton85_v14, 1, 1, 0, 0.0, 1, 1, 1084, 4.23, -4.23, 0.0, -1.0, 0.03, 0.0
HLT_DiJet110_35_Mjj650_PFMET130_v9, 1, 1, 0, 0.0, 1, 1, 2753, 10.75, -10.75, 0.0, -1.0, 0.02, 0.0
HLT_DiJet110_35_Mjj650_PFMET110_v9, 1, 1, 0, 0.0, 1, 1, 6034, 23.55, -23.55, 0.0, -1.0, 0.01, 0.0
HLT_PFHT680_v17, 1, 64, 0, 0.0, 1, 64, 426, 1.67, -1.67, 0.0, -1.0, 0.05, 0.0
HLT_Mu8_DiEle12_CaloIdL_TrackIdL_v18, 1, 1, 0, 0.0, 1, 1, 128, 0.5, -0.5, 0.0, -1.0, 0.09, 0.0
HLT_Ele15_CaloIdL_TrackIdL_IsoVL_PFJet30_v3, 70, 0, 0, 0.0, 1350, 0, 0, 0.0, 0.0, 0.0, 0, 0, 0
HLT_IsoMu20_eta2p1_TightChargedIsoPFTauHPS27_eta2p1_TightID_CrossL1_v1, 1, 1, 0, 0.0, 1, 1, 1050, 4.1, -4.1, 0.0, -1.0, 0.03, 0.0
HLT_Mu4_TrkIsoVVL_DiPFJet90_40_DEta3p5_MJJ750_HTT300_PFMETNoMu60_v14, 1, 1, 0, 0.0, 63000, 1, 1212, 4.73, -4.73, 0.0, -1.0, 0.03, 0.0
HLT_DoublePFJets128MaxDeta1p6_DoubleCaloBTagDeepCSV_p71_v2, 1, 1, 0, 0.0, 1, 1, 1745, 6.82, -6.82, 0.0, -1.0, 0.02, 0.0
HLT_Mu7p5_L2Mu2_Upsilon_v10, 190, 2, 0, 0.0, 430, 2, 130, 0.51, -0.51, 0.0, -1.0, 0.09, 0.0
HLT_QuadPFJet103_88_75_15_v5, 1, 256, 0, 0.0, 1, 256, 423, 1.66, -1.66, 0.0, -1.0, 0.05, 0.0
HLT_Photon300_NoHE_v12, 1, 1, 0, 0.0, 1, 1, 1297, 5.06, -5.06, 0.0, -1.0, 0.03, 0.0
HLT_Mu12_DoublePFJets100_CaloBTagDeepCSV_p71_v2, 60, 1, 0, 0.0, 52, 1, 47, 0.18, -0.18, 0.0, -1.0, 0.15, 0.0
HLT_Mu15_IsoVVVL_PFHT450_PFMET50_v15, 1, 1, 0, 0.0, 63000, 1, 538, 2.1, -2.1, 0.0, -1.0, 0.04, 0.0
HLT_AK8PFJet60_v15, 33000, 2, 0, 0.0, 64000, 2, 1323, 5.16, -5.16, 0.0, -1.0, 0.03, 0.0
HLT_PFJet140_v19, 500, 1, 0, 0.0, 1500, 1, 880, 3.44, -3.44, 0.0, -1.0, 0.03, 0.0
HLT_Mu8_TrkIsoVVL_DiPFJet40_DEta3p5_MJJ750_HTT300_PFMETNoMu60_v15, 1, 1, 0, 0.0, 63000, 1, 548, 2.14, -2.14, 0.0, -1.0, 0.04, 0.0
HLT_Dimuon12_Upsilon_y1p4_v2, 1, 1, 0, 0.0, 1, 1, 4127, 16.11, -16.11, 0.0, -1.0, 0.02, 0.0
HLT_VBF_DoubleLooseChargedIsoPFTauHPS20_Trk1_eta2p1_v1, 1, 1, 0, 0.0, 1, 1, 411, 1.61, -1.61, 0.0, -1.0, 0.05, 0.0
HLT_TrkMu16_DoubleTrkMu6NoFiltersNoVtx_v12, 1, 1, 0, 0.0, 1, 1, 393, 1.53, -1.53, 0.0, -1.0, 0.05, 0.0
HLT_PFHT250_v17, 530, 1, 0, 0.0, 4100, 1, 399, 1.55, -1.55, 0.0, -1.0, 0.05, 0.0
HLT_PFMET100_PFMHT100_IDTight_CaloBTagDeepCSV_3p1_v8, 1, 0, 0, 0.0, 1, 0, 0, 0.0, 0.0, 0.0, 0, 0, 0
HLT_TripleJet110_35_35_Mjj650_PFMET130_v9, 1, 1, 0, 0.0, 1, 1, 44, 0.17, -0.17, 0.0, -1.0, 0.15, 0.0
HLT_Dimuon0_Jpsi_NoVertexing_NoOS_v7, 190, 16, 0, 0.0, 430, 16, 17, 0.06, -0.06, 0.0, -1.0, 0.24, 0.0
HLT_DoubleEle8_CaloIdM_TrackIdM_Mass8_PFHT350_v20, 1, 1, 0, 0.0, 1, 1, 553, 2.15, -2.15, 0.0, -1.0, 0.04, 0.0
HLT_PFMET100_PFMHT100_IDTight_PFHT60_v9, 1, 0, 0, 0.0, 1, 0, 0, 0.0, 0.0, 0.0, 0, 0, 0
HLT_AK8PFJet80_v15, 400, 2, 0, 0.0, 17000, 2, 722, 2.82, -2.82, 0.0, -1.0, 0.04, 0.0
HLT_CaloMET100_HBHECleaned_v4, 1, 64, 0, 0.0, 1, 64, 645, 2.52, -2.52, 0.0, -1.0, 0.04, 0.0
HLT_Photon120EB_TightID_TightIso_v1, 1, 1, 0, 0.0, 1, 1, 2390, 9.32, -9.32, 0.0, -1.0, 0.02, 0.0
HLT_HT500_DisplacedDijet40_DisplacedTrack_v13, 1, 1, 0, 0.0, 1, 1, 526, 2.05, -2.05, 0.0, -1.0, 0.04, 0.0
HLT_Mu27_Ele37_CaloIdL_MW_v5, 1, 1, 0, 0.0, 1, 1, 775, 3.02, -3.02, 0.0, -1.0, 0.04, 0.0
HLT_Mu8_DiEle12_CaloIdL_TrackIdL_DZ_v18, 1, 1, 0, 0.0, 1, 1, 68, 0.27, -0.27, 0.0, -1.0, 0.12, 0.0
HLT_IsoMu20_eta2p1_MediumChargedIsoPFTauHPS27_eta2p1_CrossL1_v1, 1, 1, 0, 0.0, 1, 1, 1380, 5.39, -5.39, 0.0, -1.0, 0.03, 0.0
HLT_UncorrectedJetE60_NoBPTX3BX_v6, 1, 1, 0, 0.0, 1, 1, 26, 0.1, -0.1, 0.0, -1.0, 0.2, 0.0
HLT_DoubleMu3_Trk_Tau3mu_NoL1Mass_v6, 7, 1, 0, 0.0, 40, 1, 84, 0.33, -0.33, 0.0, -1.0, 0.11, 0.0
HLT_Photon60_R9Id90_CaloIdL_IsoL_v5, 1, 128, 0, 0.0, 1, 128, 419, 1.63, -1.63, 0.0, -1.0, 0.05, 0.0
HLT_DoubleMu3_DZ_PFMET70_PFMHT70_v10, 1, 1, 0, 0.0, 1, 1, 560, 2.19, -2.19, 0.0, -1.0, 0.04, 0.0
HLT_AK8PFJet140_v15, 500, 1, 0, 0.0, 1500, 1, 1142, 4.46, -4.46, 0.0, -1.0, 0.03, 0.0
HLT_DoublePhoton33_CaloIdL_v6, 1, 64, 0, 0.0, 1, 64, 367, 1.43, -1.43, 0.0, -1.0, 0.05, 0.0
HLT_DoubleMu20_7_Mass0to30_L1_DM4EG_v8, 1, 30, 0, 0.0, 1, 30, 210, 0.82, -0.82, 0.0, -1.0, 0.07, 0.0
HLT_TripleJet110_35_35_Mjj650_PFMET110_v9, 1, 1, 0, 0.0, 1, 1, 157, 0.61, -0.61, 0.0, -1.0, 0.08, 0.0
HLT_Ele16_Ele12_Ele8_CaloIdL_TrackIdL_v9, 1, 1, 0, 0.0, 1, 1, 184, 0.71, -0.71, 0.0, -1.0, 0.07, 0.0
HLT_Diphoton30PV_18PV_R9Id_AND_IsoCaloId_AND_HE_R9Id_NoPixelVeto_Mass55_v13, 1, 32, 0, 0.0, 1, 32, 548, 2.14, -2.14, 0.0, -1.0, 0.04, 0.0
HLT_Photon50_R9Id90_HE10_IsoM_v14, 1, 256, 0, 0.0, 1, 256, 401, 1.57, -1.57, 0.0, -1.0, 0.05, 0.0
HLT_Mu10_TrkIsoVVL_DiPFJet40_DEta3p5_MJJ750_HTT350_PFMETNoMu60_v14, 1, 1, 0, 0.0, 63000, 1, 338, 1.32, -1.32, 0.0, -1.0, 0.05, 0.0
HLT_DoubleMu4_Jpsi_Displaced_v7, 1, 60, 0, 0.0, 1, 60, 362, 1.41, -1.41, 0.0, -1.0, 0.05, 0.0
HLT_AK8PFJet15_v3, 7193, 0, 0, 0.0, 17881, 0, 0, 0.0, 0.0, 0.0, 0, 0, 0
HLT_IsoMu24_eta2p1_MediumChargedIsoPFTauHPS35_Trk1_TightID_eta2p1_Reg_CrossL1_v1, 1, 1, 0, 0.0, 1, 1, 277, 1.08, -1.08, 0.0, -1.0, 0.06, 0.0
HLT_Dimuon0_Jpsi_NoVertexing_L1_4R_0er1p5R_v7, 1, 300, 0, 0.0, 1, 300, 350, 1.36, -1.36, 0.0, -1.0, 0.05, 0.0
HLT_DiSC30_18_EIso_AND_HE_Mass70_v13, 1, 256, 0, 0.0, 1, 256, 294, 1.15, -1.15, 0.0, -1.0, 0.06, 0.0
HLT_CaloMET110_NotCleaned_v4, 1, 128, 0, 0.0, 1, 128, 322, 1.26, -1.26, 0.0, -1.0, 0.06, 0.0
HLT_Photon50_v13, 1, 6144, 0, 0.0, 1, 6144, 98, 0.38, -0.38, 0.0, -1.0, 0.1, 0.0
HLT_Mu15_IsoVVVL_PFHT450_CaloBTagDeepCSV_4p5_v8, 1, 1, 0, 0.0, 63000, 1, 982, 3.83, -3.83, 0.0, -1.0, 0.03, 0.0
HLT_DoublePFJets350_CaloBTagDeepCSV_p71_v2, 70, 1, 0, 0.0, 70, 1, 7, 0.03, -0.03, 0.0, -1.0, 0.38, 0.0
HLT_Mu12_DoublePFJets40MaxDeta1p6_DoubleCaloBTagDeepCSV_p71_v2, 1, 1, 0, 0.0, 1, 1, 1744, 6.8, -6.8, 0.0, -1.0, 0.02, 0.0
HLT_Photon100EE_TightID_TightIso_v1, 1, 8, 0, 0.0, 1, 8, 478, 1.86, -1.86, 0.0, -1.0, 0.05, 0.0
HLT_Dimuon0_Upsilon_Muon_NoL1Mass_v6, 4, 1, 0, 0.0, 55, 1, 54, 0.22, -0.22, 0.0, -1.0, 0.14, 0.0
HLT_Ele17_CaloIdM_TrackIdM_PFJet30_v16, 70, 1, 0, 0.0, 1350, 1, 509, 1.99, -1.99, 0.0, -1.0, 0.04, 0.0
HLT_AK8PFHT850_TrimMass50_v11, 1, 1, 0, 0.0, 1, 1, 3063, 11.96, -11.96, 0.0, -1.0, 0.02, 0.0
HLT_DiPFJetAve60_HFJEC_v15, 4100, 1, 0, 0.0, 17881, 1, 270, 1.06, -1.06, 0.0, -1.0, 0.06, 0.0
HLT_DiMu4_Ele9_CaloIdL_TrackIdL_DZ_Mass3p8_v16, 1, 1, 0, 0.0, 1, 1, 1391, 5.43, -5.43, 0.0, -1.0, 0.03, 0.0
HLT_Mu17_Photon30_IsoCaloId_v6, 1, 1, 0, 0.0, 1, 1, 2144, 8.37, -8.37, 0.0, -1.0, 0.02, 0.0
HLT_Mu19_v4, 1300, 1, 0, 0.0, 1300, 1, 365, 1.43, -1.43, 0.0, -1.0, 0.05, 0.0
HLT_IsoMu20_eta2p1_TightChargedIsoPFTauHPS27_eta2p1_CrossL1_v1, 1, 1, 0, 0.0, 1, 1, 1202, 4.69, -4.69, 0.0, -1.0, 0.03, 0.0
HLT_Ele8_CaloIdM_TrackIdM_PFJet30_v18, 980, 1, 0, 0.0, 7600, 1, 589, 2.29, -2.29, 0.0, -1.0, 0.04, 0.0
HLT_Mu17_TrkIsoVVL_Mu8_TrkIsoVVL_DZ_v15, 1, 20, 0, 0.0, 1, 20, 526, 2.05, -2.05, 0.0, -1.0, 0.04, 0.0
HLT_Ele17_WPLoose_Gsf_v3, 70, 0, 0, 0.0, 1350, 0, 0, 0.0, 0.0, 0.0, 0, 0, 0
HLT_HT430_DisplacedDijet40_DisplacedTrack_v13, 1, 1, 0, 0.0, 1, 1, 986, 3.85, -3.85, 0.0, -1.0, 0.03, 0.0
HLT_Mu7p5_Track2_Jpsi_v11, 320, 1, 0, 0.0, 670, 1, 289, 1.13, -1.13, 0.0, -1.0, 0.06, 0.0
HLT_MediumChargedIsoPFTau50_Trk30_eta2p1_1pr_MET90_v12, 1, 0, 0, 0.0, 1, 0, 0, 0.0, 0.0, 0.0, 0, 0, 0
HLT_SinglePhoton10_Eta3p1ForPPRef_v8, 7193, 0, 0, 0.0, 17881, 0, 0, 0.0, 0.0, 0.0, 0, 0, 0
HLT_L2Mu10_NoVertex_NoBPTX3BX_v5, 1, 80, 0, 0.0, 1, 80, 154, 0.6, -0.6, 0.0, -1.0, 0.08, 0.0
HLT_Mu7p5_Track7_Upsilon_v11, 320, 1, 0, 0.0, 670, 1, 9, 0.04, -0.04, 0.0, -1.0, 0.33, 0.0
HLT_SinglePhoton30_Eta3p1ForPPRef_v9, 980, 0, 0, 0.0, 7600, 0, 0, 0.0, 0.0, 0.0, 0, 0, 0
HLT_PFJetFwd260_v19, 1, 8, 0, 0.0, 1, 8, 806, 3.15, -3.15, 0.0, -1.0, 0.04, 0.0
HLT_Photon120_R9Id90_HE10_IsoM_v14, 1, 8, 0, 0.0, 1, 8, 476, 1.86, -1.86, 0.0, -1.0, 0.05, 0.0
HLT_DiPFJetAve500_v14, 1, 3, 0, 0.0, 1, 4, 408, 1.59, -1.59, 0.0, -1.0, 0.05, 0.0
HLT_MediumChargedIsoPFTau50_Trk30_eta2p1_1pr_MET120_v8, 1, 1, 0, 0.0, 1, 1, 161, 0.62, -0.62, 0.0, -1.0, 0.08, 0.0
HLT_QuadPFJet98_83_71_15_DoublePFBTagDeepCSV_1p3_7p7_VBF1_v8, 1, 0, 0, 0.0, 1, 0, 0, 0.0, 0.0, 0.0, 0, 0, 0
HLT_PFHT700_PFMET85_PFMHT85_IDTight_v12, 1, 1, 0, 0.0, 1, 1, 1483, 5.78, -5.78, 0.0, -1.0, 0.03, 0.0
HLT_VBF_DoubleTightChargedIsoPFTauHPS20_Trk1_eta2p1_v1, 1, 1, 0, 0.0, 1, 1, 267, 1.04, -1.04, 0.0, -1.0, 0.06, 0.0
HLT_AK8PFJetFwd320_v15, 1, 4, 0, 0.0, 1, 4, 488, 1.91, -1.91, 0.0, -1.0, 0.05, 0.0
HLT_MediumChargedIsoPFTau50_Trk30_eta2p1_1pr_v12, 23, 1, 0, 0.0, 190, 1, 20, 0.08, -0.08, 0.0, -1.0, 0.22, 0.0
HLT_AK8PFJet420_TrimMass30_v11, 1, 1, 0, 0.0, 1, 1, 6377, 24.89, -24.89, 0.0, -1.0, 0.01, 0.0
HLT_Dimuon0_LowMass_L1_TM530_v6, 7, 18, 0, 0.0, 40, 18, 93, 0.36, -0.36, 0.0, -1.0, 0.1, 0.0
HLT_BTagMu_AK4DiJet70_Mu5_v13, 60, 1, 0, 0.0, 52, 1, 1548, 6.04, -6.04, 0.0, -1.0, 0.03, 0.0
HLT_AK8PFJet360_TrimMass30_v18, 1, 0, 0, 0.0, 1, 0, 0, 0.0, 0.0, 0.0, 0, 0, 0
HLT_PFHT500_PFMET110_PFMHT110_IDTight_v12, 1, 1, 0, 0.0, 1, 1, 1093, 4.27, -4.27, 0.0, -1.0, 0.03, 0.0
HLT_Mu17_v13, 1300, 1, 0, 0.0, 1300, 1, 530, 2.06, -2.06, 0.0, -1.0, 0.04, 0.0
HLT_CaloMET90_NotCleaned_v4, 1, 128, 0, 0.0, 1, 128, 585, 2.28, -2.28, 0.0, -1.0, 0.04, 0.0
HLT_AK8PFJet550_v11, 1, 1, 0, 0.0, 1, 1, 2134, 8.33, -8.33, 0.0, -1.0, 0.02, 0.0
HLT_PFHT1050_v18, 1, 10, 0, 0.0, 1, 1, 3072, 11.99, -11.99, 0.0, -1.0, 0.02, 0.0
HLT_Dimuon14_Phi_Barrel_Seagulls_v7, 1, 1, 0, 0.0, 1, 1, 2242, 8.75, -8.75, 0.0, -1.0, 0.02, 0.0
HLT_Ele15_WPLoose_Gsf_v3, 70, 0, 0, 0.0, 1350, 0, 0, 0.0, 0.0, 0.0, 0, 0, 0
HLT_Dimuon0_Upsilon_L1_4p5er2p0_v9, 80, 1, 0, 0.0, 0, 1, 404, 1.58, -1.58, 0.0, -1.0, 0.05, 0.0
HLT_MediumChargedIsoPFTau50_Trk30_eta2p1_1pr_MET100_v12, 1, 1, 0, 0.0, 1, 1, 392, 1.53, -1.53, 0.0, -1.0, 0.05, 0.0
HLT_Ele20_eta2p1_WPLoose_Gsf_v6, 70, 0, 0, 0.0, 1350, 0, 0, 0.0, 0.0, 0.0, 0, 0, 0
HLT_Mu12_v3, 1300, 0, 0, 0.0, 1300, 0, 0, 0.0, 0.0, 0.0, 0, 0, 0
HLT_RsqMR300_Rsq0p09_MR200_4jet_v15, 1, 1, 0, 0.0, 1, 1, 376, 1.46, -1.46, 0.0, -1.0, 0.05, 0.0
