Paths, L1 PS, HLT PS, Counts, Rates (Hz)
AlCa_EcalEtaEBonly_v, 1, 1, 263887, 1941.781352
AlCa_EcalEtaEEonly_v, 1, 1, 35367, 260.246324
AlCa_EcalPhiSym_v, 110, 1, 579341, 4263.017052
AlCa_EcalPi0EBonly_v, 1, 1, 875362, 6441.271048
AlCa_EcalPi0EEonly_v, 1, 1, 180803, 1330.420416
AlCa_LumiPixels_Random_v, 1, 1, 149596, 1100.777988
AlCa_LumiPixels_ZeroBias_v, 12457, 1, 579355, 4263.13026
AlCa_RPCMuonNormalisation_v, 1, 20, 47663, 350.718384
DST_CaloJet40_BTagScouting_v, 12457, 6, 1320, 9.71702
DST_CaloJet40_CaloBTagScouting_v, 12457, 3, 2699, 19.868004
DST_CaloJet40_CaloScouting_PFScouting_v, 12457, 6, 2204, 16.22648
DST_DoubleMu1_noVtx_CaloScouting_v, 1, 1, 409842, 3015.785648
DST_DoubleMu3_noVtx_CaloScouting_Monitoring_v, 1, 1, 405079, 2980.728904
DST_DoubleMu3_noVtx_CaloScouting_v, 1, 1, 352206, 2591.670744
DST_DoubleMu3_noVtx_Mass10_PFScouting_v, 1, 1, 116172, 854.833608
DST_HT250_CaloBTagScouting_v, 1, 1, 471119, 3466.674244
DST_HT250_CaloScouting_v, 1, 1, 474027, 3488.070556
DST_HT410_BTagScouting_v, 1, 1, 121079, 890.94696
DST_HT410_PFScouting_v, 1, 1, 121089, 891.022432
DST_L1DoubleMu_BTagScouting_v, 1, 0, 0, 0.0
DST_L1DoubleMu_CaloScouting_PFScouting_v, 1, 0, 0, 0.0
DST_L1HTT_BTagScouting_v, 1, 200, 2903, 21.358576
DST_L1HTT_CaloBTagScouting_v, 1, 200, 2883, 21.207632
DST_L1HTT_CaloScouting_PFScouting_v, 1, 200, 3257, 23.96236
DST_Physics_v, 1, 10, 954968, 7027.028108
DST_ZeroBias_BTagScouting_v, 12457, 175, 131, 0.962268
DST_ZeroBias_CaloScouting_PFScouting_v, 12457, 175, 3374, 24.830288
DST_ZeroBias_v, 12457, 1, 579355, 4263.13026
HLT_AK4CaloJet100_v, 17000, 0, 0, 0.0
HLT_AK4CaloJet120_v, 17000, 0, 0, 0.0
HLT_AK4CaloJet30_v, 12457, 0, 0, 0.0
HLT_AK4CaloJet40_v, 12457, 0, 0, 0.0
HLT_AK4CaloJet50_v, 12457, 0, 0, 0.0
HLT_AK4CaloJet80_v, 159000, 0, 0, 0.0
HLT_AK4PFJet100_v, 17000, 0, 0, 0.0
HLT_AK4PFJet120_v, 17000, 0, 0, 0.0
HLT_AK4PFJet30_v, 12457, 0, 0, 0.0
HLT_AK4PFJet50_v, 12457, 0, 0, 0.0
HLT_AK4PFJet80_v, 159000, 0, 0, 0.0
HLT_AK8PFHT750_TrimMass50_v, 1, 0, 0, 0.0
HLT_AK8PFHT800_TrimMass50_v, 1, 1, 2157, 15.867988
HLT_AK8PFHT850_TrimMass50_v, 1, 1, 1712, 12.603824
HLT_AK8PFHT900_TrimMass50_v, 1, 1, 1383, 10.169852
HLT_AK8PFJet140_v, 1500, 1, 554, 4.075488
HLT_AK8PFJet15_v, 12457, 0, 0, 0.0
HLT_AK8PFJet200_v, 350, 1, 529, 3.886808
HLT_AK8PFJet25_v, 12457, 0, 0, 0.0
HLT_AK8PFJet260_v, 1, 128, 401, 2.943408
HLT_AK8PFJet320_v, 1, 48, 392, 2.886804
HLT_AK8PFJet330_TrimMass30_PFAK8BTagDeepCSV_p17_v, 1, 1, 2659, 19.566116
HLT_AK8PFJet330_TrimMass30_PFAK8BTagDeepCSV_p1_v, 1, 1, 1385, 10.18872
HLT_AK8PFJet330_TrimMass30_PFAK8BoostedDoubleB_np2_v, 1, 1, 7499, 55.1889
HLT_AK8PFJet330_TrimMass30_PFAK8BoostedDoubleB_np4_v, 1, 1, 7968, 58.622876
HLT_AK8PFJet330_TrimMass30_PFAK8BoostedDoubleB_p02_v, 1, 1, 3117, 22.943488
HLT_AK8PFJet360_TrimMass30_v, 1, 0, 0, 0.0
HLT_AK8PFJet380_TrimMass30_v, 1, 0, 0, 0.0
HLT_AK8PFJet400_TrimMass30_v, 1, 1, 4425, 32.566168
HLT_AK8PFJet400_v, 1, 16, 384, 2.8302
HLT_AK8PFJet40_v, 12457, 250, 393, 2.886804
HLT_AK8PFJet420_TrimMass30_v, 1, 1, 3559, 26.188784
HLT_AK8PFJet450_v, 1, 8, 433, 3.188692
HLT_AK8PFJet500_v, 1, 1, 1995, 14.679304
HLT_AK8PFJet550_v, 1, 1, 1226, 9.018904
HLT_AK8PFJet60_v, 159000, 1, 291, 2.132084
HLT_AK8PFJet80_v, 17000, 2, 304, 2.245292
HLT_AK8PFJetFwd140_v, 250, 2, 243, 1.79246
HLT_AK8PFJetFwd15_v, 12457, 0, 0, 0.0
HLT_AK8PFJetFwd200_v, 40, 1, 242, 1.773592
HLT_AK8PFJetFwd25_v, 12457, 0, 0, 0.0
HLT_AK8PFJetFwd260_v, 1, 8, 567, 4.169828
HLT_AK8PFJetFwd320_v, 1, 1, 1131, 8.320788
HLT_AK8PFJetFwd400_v, 1, 1, 191, 1.396232
HLT_AK8PFJetFwd40_v, 12457, 750, 106, 0.773588
HLT_AK8PFJetFwd450_v, 1, 1, 75, 0.547172
HLT_AK8PFJetFwd500_v, 1, 1, 28, 0.207548
HLT_AK8PFJetFwd60_v, 103000, 1, 134, 0.981136
HLT_AK8PFJetFwd80_v, 5100, 3, 145, 1.075476
HLT_BTagMu_AK4DiJet110_Mu5_v, 60, 1, 261, 1.924536
HLT_BTagMu_AK4DiJet170_Mu5_v, 10, 1, 325, 2.396236
HLT_BTagMu_AK4DiJet20_Mu5_v, 360, 6, 641, 4.717
HLT_BTagMu_AK4DiJet40_Mu5_v, 360, 1, 741, 5.452852
HLT_BTagMu_AK4DiJet70_Mu5_v, 60, 1, 975, 7.16984
HLT_BTagMu_AK4Jet300_Mu5_v, 1, 1, 654, 4.81134
HLT_BTagMu_AK8DiJet170_Mu5_v, 10, 1, 398, 2.92454
HLT_BTagMu_AK8Jet170_DoubleMu5_v, 1, 1, 172, 1.264156
HLT_BTagMu_AK8Jet300_Mu5_v, 1, 1, 738, 5.433984
HLT_CaloJet500_NoJetID_v, 1, 1, 2101, 15.452892
HLT_CaloJet550_NoJetID_v, 1, 1, 1234, 9.075508
HLT_CaloMET100_HBHECleaned_v, 1, 64, 205, 1.50944
HLT_CaloMET100_NotCleaned_v, 1, 128, 134, 0.981136
HLT_CaloMET110_NotCleaned_v, 1, 128, 113, 0.830192
HLT_CaloMET250_HBHECleaned_v, 1, 8, 167, 1.22642
HLT_CaloMET250_NotCleaned_v, 1, 8, 200, 1.471704
HLT_CaloMET300_HBHECleaned_v, 1, 4, 182, 1.339628
HLT_CaloMET350_HBHECleaned_v, 1, 1, 419, 3.075484
HLT_CaloMET70_HBHECleaned_v, 1, 128, 173, 1.264156
HLT_CaloMET80_HBHECleaned_v, 1, 128, 152, 1.113212
HLT_CaloMET80_NotCleaned_v, 1, 128, 184, 1.358496
HLT_CaloMET90_HBHECleaned_v, 1, 128, 123, 0.905664
HLT_CaloMET90_NotCleaned_v, 1, 128, 163, 1.207552
HLT_CaloMHT90_v, 1, 128, 114, 0.830192
HLT_DiEle27_WPTightCaloOnly_L1DoubleEG_v, 1, 1, 3088, 22.717072
HLT_DiJet110_35_Mjj650_PFMET110_v, 1, 1, 2364, 17.396296
HLT_DiJet110_35_Mjj650_PFMET120_v, 1, 1, 1610, 11.849104
HLT_DiJet110_35_Mjj650_PFMET130_v, 1, 1, 1166, 8.58494
HLT_DiMu4_Ele9_CaloIdL_TrackIdL_DZ_Mass3p8_v, 1, 1, 909, 6.69814
HLT_DiMu9_Ele9_CaloIdL_TrackIdL_DZ_v, 1, 1, 221, 1.622648
HLT_DiMu9_Ele9_CaloIdL_TrackIdL_v, 1, 2, 166, 1.22642
HLT_DiPFJetAve100_HFJEC_v, 17000, 1, 4, 0.037736
HLT_DiPFJetAve140_v, 1500, 1, 218, 1.60378
HLT_DiPFJetAve15_HFJEC_v, 12457, 0, 0, 0.0
HLT_DiPFJetAve160_HFJEC_v, 350, 1, 57, 0.415096
HLT_DiPFJetAve200_v, 350, 1, 248, 1.830196
HLT_DiPFJetAve220_HFJEC_v, 1, 8, 319, 2.339632
HLT_DiPFJetAve25_HFJEC_v, 12457, 0, 0, 0.0
HLT_DiPFJetAve260_v, 1, 128, 195, 1.433968
HLT_DiPFJetAve300_HFJEC_v, 1, 1, 364, 2.679256
HLT_DiPFJetAve320_v, 1, 48, 182, 1.339628
HLT_DiPFJetAve400_v, 1, 16, 189, 1.396232
HLT_DiPFJetAve40_v, 12457, 25, 194, 1.433968
HLT_DiPFJetAve500_v, 1, 4, 252, 1.849064
HLT_DiPFJetAve60_HFJEC_v, 12457, 1, 200, 1.471704
HLT_DiPFJetAve60_v, 12457, 5, 189, 1.396232
HLT_DiPFJetAve80_HFJEC_v, 17000, 1, 23, 0.169812
HLT_DiPFJetAve80_v, 17000, 1, 222, 1.641516
HLT_DiSC30_18_EIso_AND_HE_Mass70_v, 1, 256, 179, 1.32076
HLT_Dimuon0_Jpsi3p5_Muon2_v, 1, 1, 2433, 17.905732
HLT_Dimuon0_Jpsi_L1_4R_0er1p5R_v, 1, 300, 169, 1.245288
HLT_Dimuon0_Jpsi_L1_NoOS_v, 430, 16, 17, 0.132076
HLT_Dimuon0_Jpsi_NoVertexing_L1_4R_0er1p5R_v, 1, 300, 187, 1.377364
HLT_Dimuon0_Jpsi_NoVertexing_NoOS_v, 430, 16, 20, 0.150944
HLT_Dimuon0_Jpsi_NoVertexing_v, 0, 16, 19, 0.132076
HLT_Dimuon0_Jpsi_v, 0, 16, 17, 0.132076
HLT_Dimuon0_LowMass_L1_0er1p5R_v, 1, 0, 0, 0.0
HLT_Dimuon0_LowMass_L1_0er1p5_v, 0, 1, 181, 1.339628
HLT_Dimuon0_LowMass_L1_4R_v, 1, 0, 0, 0.0
HLT_Dimuon0_LowMass_L1_4_v, 0, 2, 146, 1.075476
HLT_Dimuon0_LowMass_L1_TM530_v, 40, 18, 59, 0.433964
HLT_Dimuon0_LowMass_v, 0, 32, 22, 0.169812
HLT_Dimuon0_Upsilon_L1_4p5NoOS_v, 80, 0, 0, 0.0
HLT_Dimuon0_Upsilon_L1_4p5_v, 80, 16, 15, 0.113208
HLT_Dimuon0_Upsilon_L1_4p5er2p0M_v, 1, 180, 91, 0.66038
HLT_Dimuon0_Upsilon_L1_4p5er2p0_v, 0, 1, 232, 1.69812
HLT_Dimuon0_Upsilon_L1_5M_v, 1, 0, 0, 0.0
HLT_Dimuon0_Upsilon_L1_5_v, 80, 0, 0, 0.0
HLT_Dimuon0_Upsilon_Muon_L1_TM0_v, 0, 0, 0, 0.0
HLT_Dimuon0_Upsilon_Muon_NoL1Mass_v, 55, 1, 40, 0.301888
HLT_Dimuon0_Upsilon_NoVertexing_v, 1, 180, 159, 1.169816
HLT_Dimuon10_PsiPrime_Barrel_Seagulls_v, 1, 0, 0, 0.0
HLT_Dimuon12_Upsilon_y1p4_v, 1, 1, 2418, 17.792524
HLT_Dimuon14_Phi_Barrel_Seagulls_v, 1, 1, 1536, 11.301932
HLT_Dimuon18_PsiPrime_noCorrL1_v, 1, 1, 290, 2.132084
HLT_Dimuon18_PsiPrime_v, 1, 1, 681, 5.018888
HLT_Dimuon20_Jpsi_Barrel_Seagulls_v, 1, 0, 0, 0.0
HLT_Dimuon24_Phi_noCorrL1_v, 1, 1, 294, 2.16982
HLT_Dimuon24_Upsilon_noCorrL1_v, 1, 1, 817, 6.018892
HLT_Dimuon25_Jpsi_noCorrL1_v, 1, 1, 1191, 8.754752
HLT_Dimuon25_Jpsi_v, 1, 1, 1860, 13.6793
HLT_Diphoton30PV_18PV_R9Id_AND_IsoCaloId_AND_HE_R9Id_NoPixelVeto_Mass55_v, 1, 32, 327, 2.415104
HLT_Diphoton30PV_18PV_R9Id_AND_IsoCaloId_AND_HE_R9Id_PixelVeto_Mass55_v, 1, 1, 6410, 47.17
HLT_Diphoton30_18_R9IdL_AND_HE_AND_IsoCaloId_NoPixelVeto_Mass55_v, 1, 1, 5505, 40.509596
HLT_Diphoton30_18_R9IdL_AND_HE_AND_IsoCaloId_NoPixelVeto_v, 1, 1, 6431, 47.320944
HLT_Diphoton30_22_R9Id_OR_IsoCaloId_AND_HE_R9Id_Mass90_v, 1, 1, 6747, 49.641708
HLT_Diphoton30_22_R9Id_OR_IsoCaloId_AND_HE_R9Id_Mass95_v, 1, 1, 5747, 42.283188
HLT_DoubleEle24_eta2p1_WPTight_Gsf_v, 1, 1, 856, 6.301912
HLT_DoubleEle25_CaloIdL_MW_v, 1, 1, 2875, 21.151028
HLT_DoubleEle27_CaloIdL_MW_v, 1, 1, 2548, 18.754792
HLT_DoubleEle33_CaloIdL_MW_v, 1, 1, 1778, 13.075524
HLT_DoubleEle8_CaloIdM_TrackIdM_Mass8_DZ_PFHT350_v, 1, 1, 178, 1.301892
HLT_DoubleEle8_CaloIdM_TrackIdM_Mass8_PFHT350_v, 1, 1, 241, 1.773592
HLT_DoubleIsoMu20_eta2p1_v, 1, 1, 1680, 12.35854
HLT_DoubleL2Mu23NoVtx_2Cha_CosmicSeed_v, 1, 1, 1876, 13.811376
HLT_DoubleL2Mu23NoVtx_2Cha_v, 1, 1, 2343, 17.245352
HLT_DoubleL2Mu25NoVtx_2Cha_CosmicSeed_Eta2p4_v, 1, 1, 1922, 14.151
HLT_DoubleL2Mu25NoVtx_2Cha_CosmicSeed_v, 1, 1, 1610, 11.849104
HLT_DoubleL2Mu25NoVtx_2Cha_Eta2p4_v, 1, 1, 2731, 20.09442
HLT_DoubleL2Mu25NoVtx_2Cha_v, 1, 1, 2048, 15.075532
HLT_DoubleL2Mu30NoVtx_2Cha_CosmicSeed_Eta2p4_v, 1, 1, 1273, 9.358528
HLT_DoubleL2Mu30NoVtx_2Cha_Eta2p4_v, 1, 1, 2011, 14.792512
HLT_DoubleL2Mu50_v, 1, 1, 1228, 9.037772
HLT_DoubleMediumChargedIsoPFTau35_Trk1_TightID_eta2p1_Reg_v, 1, 0, 0, 0.0
HLT_DoubleMediumChargedIsoPFTau35_Trk1_eta2p1_Reg_v, 1, 0, 0, 0.0
HLT_DoubleMediumChargedIsoPFTau40_Trk1_TightID_eta2p1_Reg_v, 1, 1, 7297, 53.698328
HLT_DoubleMediumChargedIsoPFTau40_Trk1_eta2p1_Reg_v, 1, 0, 0, 0.0
HLT_DoubleMediumChargedIsoPFTauHPS35_Trk1_eta2p1_Reg_v, 1, 1, 7262, 53.434176
HLT_DoubleMu20_7_Mass0to30_L1_DM4EG_v, 1, 30, 107, 0.792456
HLT_DoubleMu20_7_Mass0to30_L1_DM4_v, 0, 0, 0, 0.0
HLT_DoubleMu20_7_Mass0to30_Photon23_v, 1, 1, 104, 0.773588
HLT_DoubleMu2_Jpsi_DoubleTkMu0_Phi_v, 1, 1, 1207, 8.886828
HLT_DoubleMu2_Jpsi_DoubleTrk1_Phi1p05_v, 1, 1, 3320, 24.43406
HLT_DoubleMu33NoFiltersNoVtxDisplaced_v, 1, 1, 35, 0.264152
HLT_DoubleMu3_DCA_PFMET50_PFMHT60_v, 1, 1, 954, 7.018896
HLT_DoubleMu3_DZ_PFMET50_PFMHT60_v, 1, 1, 643, 4.735868
HLT_DoubleMu3_DZ_PFMET70_PFMHT70_v, 1, 1, 245, 1.811328
HLT_DoubleMu3_DZ_PFMET90_PFMHT90_v, 1, 1, 62, 0.452832
HLT_DoubleMu3_DoubleEle7p5_CaloIdL_TrackIdL_Upsilon_v, 1, 1, 15, 0.113208
HLT_DoubleMu3_TkMu_DsTau3Mu_v, 1, 1, 563, 4.15096
HLT_DoubleMu3_Trk_Tau3mu_NoL1Mass_v, 40, 1, 51, 0.37736
HLT_DoubleMu3_Trk_Tau3mu_v, 1, 20, 314, 2.301896
HLT_DoubleMu40NoFiltersNoVtxDisplaced_v, 1, 1, 19, 0.132076
HLT_DoubleMu43NoFiltersNoVtx_v, 1, 1, 351, 2.584916
HLT_DoubleMu48NoFiltersNoVtx_v, 1, 1, 112, 0.830192
HLT_DoubleMu4_3_Bs_v, 1, 1, 2110, 15.528364
HLT_DoubleMu4_3_Jpsi_v, 1, 10, 1544, 11.358536
HLT_DoubleMu4_JpsiTrkTrk_Displaced_v, 1, 1, 5204, 38.30204
HLT_DoubleMu4_JpsiTrk_Displaced_v, 1, 1, 5495, 40.434124
HLT_DoubleMu4_Jpsi_Displaced_v, 1, 60, 182, 1.339628
HLT_DoubleMu4_Jpsi_NoVertexing_v, 1, 240, 171, 1.264156
HLT_DoubleMu4_LowMassNonResonantTrk_Displaced_v, 1, 1, 6092, 44.830368
HLT_DoubleMu4_Mass3p8_DZ_PFHT350_v, 1, 1, 978, 7.188708
HLT_DoubleMu4_PsiPrimeTrk_Displaced_v, 1, 1, 478, 3.509448
HLT_DoubleMu5_Upsilon_DoubleEle3_CaloIdL_TrackIdL_v, 1, 1, 3, 0.018868
HLT_DoublePFJets100_CaloBTagDeepCSV_p71_v, 170, 2, 128, 0.9434
HLT_DoublePFJets116MaxDeta1p6_DoubleCaloBTagDeepCSV_p71_v, 1, 1, 1186, 8.735884
HLT_DoublePFJets128MaxDeta1p6_DoubleCaloBTagDeepCSV_p71_v, 1, 1, 881, 6.490592
HLT_DoublePFJets200_CaloBTagDeepCSV_p71_v, 70, 1, 47, 0.339624
HLT_DoublePFJets350_CaloBTagDeepCSV_p71_v, 70, 1, 4, 0.037736
HLT_DoublePFJets40_CaloBTagDeepCSV_p71_v, 8400, 1, 117, 0.867928
HLT_DoublePhoton33_CaloIdL_v, 1, 64, 188, 1.377364
HLT_DoublePhoton70_v, 1, 1, 1339, 9.849096
HLT_DoublePhoton85_v, 1, 1, 640, 4.717
HLT_DoubleTightChargedIsoPFTau35_Trk1_TightID_eta2p1_Reg_v, 1, 1, 7301, 53.717196
HLT_DoubleTightChargedIsoPFTau35_Trk1_eta2p1_Reg_v, 1, 0, 0, 0.0
HLT_DoubleTightChargedIsoPFTau40_Trk1_TightID_eta2p1_Reg_v, 1, 1, 5640, 41.5096
HLT_DoubleTightChargedIsoPFTau40_Trk1_eta2p1_Reg_v, 1, 1, 6728, 49.509632
HLT_ECALHT800_v, 1, 1, 123, 0.905664
HLT_EcalCalibration_v, 1, 1, 25549, 188.000752
HLT_Ele115_CaloIdVT_GsfTrkIdT_v, 1, 1, 2470, 18.169884
HLT_Ele12_CaloIdL_TrackIdL_IsoVL_PFJet30_v, 2700, 1, 158, 1.169816
HLT_Ele135_CaloIdVT_GsfTrkIdT_v, 1, 1, 1488, 10.94344
HLT_Ele145_CaloIdVT_GsfTrkIdT_v, 1, 1, 1168, 8.603808
HLT_Ele15_CaloIdL_TrackIdL_IsoVL_PFJet30_v, 2700, 0, 0, 0.0
HLT_Ele15_Ele8_CaloIdL_TrackIdL_IsoVL_v, 2700, 0, 0, 0.0
HLT_Ele15_IsoVVVL_PFHT450_CaloBTagDeepCSV_4p5_v, 220000, 1, 292, 2.150952
HLT_Ele15_IsoVVVL_PFHT450_PFMET50_v, 220000, 1, 159, 1.169816
HLT_Ele15_IsoVVVL_PFHT450_v, 220000, 1, 486, 3.58492
HLT_Ele15_IsoVVVL_PFHT600_v, 220000, 1, 199, 1.471704
HLT_Ele15_WPLoose_Gsf_v, 2700, 0, 0, 0.0
HLT_Ele16_Ele12_Ele8_CaloIdL_TrackIdL_v, 1, 1, 75, 0.547172
HLT_Ele17_CaloIdM_TrackIdM_PFJet30_v, 2700, 1, 116, 0.84906
HLT_Ele17_WPLoose_Gsf_v, 2700, 0, 0, 0.0
HLT_Ele200_CaloIdVT_GsfTrkIdT_v, 1, 1, 355, 2.603784
HLT_Ele20_WPLoose_Gsf_v, 2700, 0, 0, 0.0
HLT_Ele20_WPTight_Gsf_v, 2700, 0, 0, 0.0
HLT_Ele20_eta2p1_WPLoose_Gsf_v, 2700, 0, 0, 0.0
HLT_Ele23_CaloIdL_TrackIdL_IsoVL_PFJet30_v, 2700, 1, 74, 0.547172
HLT_Ele23_CaloIdM_TrackIdM_PFJet30_v, 2700, 1, 78, 0.56604
HLT_Ele23_Ele12_CaloIdL_TrackIdL_IsoVL_DZ_v, 1, 1, 2623, 19.301964
HLT_Ele23_Ele12_CaloIdL_TrackIdL_IsoVL_v, 1, 1, 3133, 23.056696
HLT_Ele24_eta2p1_WPTight_Gsf_LooseChargedIsoPFTau30_eta2p1_CrossL1_v, 1, 1, 1602, 11.7925
HLT_Ele24_eta2p1_WPTight_Gsf_LooseChargedIsoPFTau30_eta2p1_TightID_CrossL1_v, 1, 1, 1538, 11.3208
HLT_Ele24_eta2p1_WPTight_Gsf_MediumChargedIsoPFTau30_eta2p1_CrossL1_v, 1, 1, 1498, 11.018912
HLT_Ele24_eta2p1_WPTight_Gsf_MediumChargedIsoPFTau30_eta2p1_TightID_CrossL1_v, 1, 1, 1440, 10.603816
HLT_Ele24_eta2p1_WPTight_Gsf_TightChargedIsoPFTau30_eta2p1_CrossL1_v, 1, 1, 1441, 10.603816
HLT_Ele24_eta2p1_WPTight_Gsf_TightChargedIsoPFTau30_eta2p1_TightID_CrossL1_v, 1, 1, 1385, 10.18872
HLT_Ele250_CaloIdVT_GsfTrkIdT_v, 1, 1, 136, 1.000004
HLT_Ele27_Ele37_CaloIdL_MW_v, 1, 1, 2225, 16.377424
HLT_Ele27_WPTight_Gsf_v, 1, 0, 0, 0.0
HLT_Ele28_HighEta_SC20_Mass55_v, 1, 1, 676, 4.981152
HLT_Ele28_eta2p1_WPTight_Gsf_HT150_v, 1, 1, 2271, 16.717048
HLT_Ele300_CaloIdVT_GsfTrkIdT_v, 1, 1, 64, 0.4717
HLT_Ele30_eta2p1_WPTight_Gsf_CentralPFJet35_EleCleaned_v, 1, 1, 7382, 54.320972
HLT_Ele32_WPTight_Gsf_L1DoubleEG_v, 1, 1, 25567, 188.132828
HLT_Ele32_WPTight_Gsf_v, 1, 1, 25404, 186.925276
HLT_Ele35_WPTight_Gsf_L1EGMT_v, 1, 1, 19004, 139.830748
HLT_Ele35_WPTight_Gsf_v, 1, 1, 20670, 152.094948
HLT_Ele38_WPTight_Gsf_v, 1, 1, 15924, 117.17028
HLT_Ele40_WPTight_Gsf_v, 1, 1, 13325, 98.056996
HLT_Ele50_CaloIdVT_GsfTrkIdT_PFJet165_v, 1, 1, 1752, 12.886844
HLT_Ele50_IsoVVVL_PFHT450_v, 220000, 1, 344, 2.528312
HLT_Ele8_CaloIdL_TrackIdL_IsoVL_PFJet30_v, 38000, 1, 33, 0.245284
HLT_Ele8_CaloIdM_TrackIdM_PFJet30_v, 38000, 1, 47, 0.339624
HLT_HT300_Beamspot_v, 1, 35, 9487, 69.8116
HLT_HT400_DisplacedDijet40_DisplacedTrack_v, 1, 4, 77, 0.56604
HLT_HT425_v, 1, 512, 219, 1.60378
HLT_HT430_DisplacedDijet40_DisplacedTrack_v, 1, 1, 247, 1.811328
HLT_HT430_DisplacedDijet60_DisplacedTrack_v, 1, 1, 162, 1.188684
HLT_HT450_Beamspot_v, 1, 0, 0, 0.0
HLT_HT500_DisplacedDijet40_DisplacedTrack_v, 1, 1, 141, 1.03774
HLT_HT550_DisplacedDijet60_Inclusive_v, 1, 16, 25, 0.18868
HLT_HT650_DisplacedDijet60_Inclusive_v, 1, 1, 201, 1.471704
HLT_HcalCalibration_v, 1, 1, 25549, 188.000752
HLT_HcalIsolatedbunch_v, 110, 1, 0, 0.0
HLT_HcalNZS_v, 1, 1, 233, 1.716988
HLT_HcalPhiSym_v, 1, 1, 1142, 8.39626
HLT_IsoMu20_eta2p1_LooseChargedIsoPFTau27_eta2p1_CrossL1_v, 1, 1, 844, 6.207572
HLT_IsoMu20_eta2p1_LooseChargedIsoPFTau27_eta2p1_TightID_CrossL1_v, 1, 1, 795, 5.84908
HLT_IsoMu20_eta2p1_LooseChargedIsoPFTauHPS27_eta2p1_CrossL1_v, 1, 1, 735, 5.415116
HLT_IsoMu20_eta2p1_MediumChargedIsoPFTau27_eta2p1_CrossL1_v, 1, 1, 685, 5.037756
HLT_IsoMu20_eta2p1_MediumChargedIsoPFTau27_eta2p1_TightID_CrossL1_v, 1, 1, 644, 4.735868
HLT_IsoMu20_eta2p1_TightChargedIsoPFTau27_eta2p1_CrossL1_v, 1, 1, 609, 4.490584
HLT_IsoMu20_eta2p1_TightChargedIsoPFTau27_eta2p1_TightID_CrossL1_v, 1, 1, 572, 4.207564
HLT_IsoMu20_v, 210, 1, 263, 1.943404
HLT_IsoMu24_eta2p1_MediumChargedIsoPFTau35_Trk1_TightID_eta2p1_Reg_CrossL1_v, 1, 1, 204, 1.50944
HLT_IsoMu24_eta2p1_MediumChargedIsoPFTau35_Trk1_eta2p1_Reg_CrossL1_v, 1, 1, 222, 1.641516
HLT_IsoMu24_eta2p1_MediumChargedIsoPFTau50_Trk30_eta2p1_1pr_v, 1, 1, 65, 0.4717
HLT_IsoMu24_eta2p1_MediumChargedIsoPFTauHPS35_Trk1_eta2p1_Reg_CrossL1_v, 1, 1, 185, 1.358496
HLT_IsoMu24_eta2p1_TightChargedIsoPFTau35_Trk1_TightID_eta2p1_Reg_CrossL1_v, 1, 1, 179, 1.32076
HLT_IsoMu24_eta2p1_TightChargedIsoPFTau35_Trk1_eta2p1_Reg_CrossL1_v, 1, 1, 195, 1.433968
HLT_IsoMu24_eta2p1_v, 1, 1, 35257, 259.435
HLT_IsoMu24_v, 1, 1, 39271, 288.96342
HLT_IsoMu27_LooseChargedIsoPFTau20_Trk1_eta2p1_SingleL1_v, 1, 1, 748, 5.509456
HLT_IsoMu27_MET90_v, 1, 1, 538, 3.96228
HLT_IsoMu27_MediumChargedIsoPFTau20_Trk1_eta2p1_SingleL1_v, 1, 1, 628, 4.62266
HLT_IsoMu27_TightChargedIsoPFTau20_Trk1_eta2p1_SingleL1_v, 1, 1, 561, 4.132092
HLT_IsoMu27_v, 1, 1, 32956, 242.510404
HLT_IsoMu30_v, 1, 1, 27697, 203.812136
HLT_IsoTrackHB_v, 1, 1, 861, 6.339648
HLT_IsoTrackHE_v, 1, 1, 1708, 12.566088
HLT_L1ETMHadSeeds_v, 1, 1024, 118, 0.867928
HLT_L1NotBptxOR_v, 0, 0, 0, 0.0
HLT_L1SingleMu18_v, 210, 125, 76, 0.56604
HLT_L1SingleMu25_v, 1, 18000, 73, 0.528304
HLT_L1UnpairedBunchBptxMinus_v, 0, 0, 0, 0.0
HLT_L1UnpairedBunchBptxPlus_v, 0, 0, 0, 0.0
HLT_L1_CDC_SingleMu_3_er1p2_TOP120_DPHI2p618_3p142_v, 190, 1, 166, 1.22642
HLT_L2Mu10_NoVertex_NoBPTX3BX_v, 1, 80, 115, 0.84906
HLT_L2Mu10_NoVertex_NoBPTX_v, 4000, 1, 31, 0.226416
HLT_L2Mu10_v, 1, 6000, 205, 1.50944
HLT_L2Mu23NoVtx_2Cha_CosmicSeed_v, 1, 1, 154406, 1136.174356
HLT_L2Mu23NoVtx_2Cha_v, 1, 1, 203024, 1493.930504
HLT_L2Mu40_NoVertex_3Sta_NoBPTX3BX_v, 1, 1, 1285, 9.452868
HLT_L2Mu45_NoVertex_3Sta_NoBPTX3BX_v, 1, 1, 1145, 8.433996
HLT_L2Mu50_v, 1, 500, 191, 1.396232
HLT_MET105_IsoTrk50_v, 1, 1, 144, 1.056608
HLT_MET120_IsoTrk50_v, 1, 1, 110, 0.811324
HLT_MediumChargedIsoPFTau180HighPtRelaxedIso_Trk50_eta2p1_1pr_v, 1, 1, 249, 1.830196
HLT_MediumChargedIsoPFTau180HighPtRelaxedIso_Trk50_eta2p1_v, 1, 1, 2687, 19.773664
HLT_MediumChargedIsoPFTau200HighPtRelaxedIso_Trk50_eta2p1_v, 1, 1, 2043, 15.037796
HLT_MediumChargedIsoPFTau220HighPtRelaxedIso_Trk50_eta2p1_v, 1, 1, 1677, 12.339672
HLT_MediumChargedIsoPFTau50_Trk30_eta2p1_1pr_MET100_v, 1, 1, 174, 1.283024
HLT_MediumChargedIsoPFTau50_Trk30_eta2p1_1pr_MET110_v, 1, 1, 107, 0.792456
HLT_MediumChargedIsoPFTau50_Trk30_eta2p1_1pr_MET120_v, 1, 1, 62, 0.452832
HLT_MediumChargedIsoPFTau50_Trk30_eta2p1_1pr_MET130_v, 1, 1, 40, 0.301888
HLT_MediumChargedIsoPFTau50_Trk30_eta2p1_1pr_MET140_v, 1, 1, 28, 0.207548
HLT_MediumChargedIsoPFTau50_Trk30_eta2p1_1pr_MET90_v, 1, 0, 0, 0.0
HLT_MediumChargedIsoPFTau50_Trk30_eta2p1_1pr_v, 190, 1, 12, 0.09434
HLT_MonoCentralPFJet80_PFMETNoMu110_PFMHTNoMu110_IDTight_v, 1, 0, 0, 0.0
HLT_MonoCentralPFJet80_PFMETNoMu120_PFMHTNoMu120_IDTight_v, 1, 1, 1543, 11.358536
HLT_MonoCentralPFJet80_PFMETNoMu130_PFMHTNoMu130_IDTight_v, 1, 1, 1222, 9.000036
HLT_MonoCentralPFJet80_PFMETNoMu140_PFMHTNoMu140_IDTight_v, 1, 1, 955, 7.018896
HLT_Mu10_TrkIsoVVL_DiPFJet40_DEta3p5_MJJ750_HTT350_PFMETNoMu60_v, 63000, 1, 443, 3.264164
HLT_Mu10p5_IP3p5_part0_v, 1, 0, 0, 0.0
HLT_Mu10p5_IP3p5_part1_v, 1, 0, 0, 0.0
HLT_Mu10p5_IP3p5_part2_v, 1, 0, 0, 0.0
HLT_Mu10p5_IP3p5_part3_v, 1, 0, 0, 0.0
HLT_Mu10p5_IP3p5_part4_v, 1, 0, 0, 0.0
HLT_Mu10p5_IP3p5_part5_v, 1, 0, 0, 0.0
HLT_Mu12_DoublePFJets100_CaloBTagDeepCSV_p71_v, 60, 1, 65, 0.4717
HLT_Mu12_DoublePFJets200_CaloBTagDeepCSV_p71_v, 10, 1, 25, 0.18868
HLT_Mu12_DoublePFJets350_CaloBTagDeepCSV_p71_v, 10, 1, 2, 0.018868
HLT_Mu12_DoublePFJets40MaxDeta1p6_DoubleCaloBTagDeepCSV_p71_v, 1, 1, 2726, 20.056684
HLT_Mu12_DoublePFJets40_CaloBTagDeepCSV_p71_v, 360, 1, 93, 0.679248
HLT_Mu12_DoublePFJets54MaxDeta1p6_DoubleCaloBTagDeepCSV_p71_v, 1, 1, 1861, 13.698168
HLT_Mu12_DoublePFJets62MaxDeta1p6_DoubleCaloBTagDeepCSV_p71_v, 1, 1, 1388, 10.207588
HLT_Mu12_DoublePhoton20_v, 1, 1, 1746, 12.849108
HLT_Mu12_TrkIsoVVL_Ele23_CaloIdL_TrackIdL_IsoVL_DZ_v, 1, 1, 1150, 8.452864
HLT_Mu12_TrkIsoVVL_Ele23_CaloIdL_TrackIdL_IsoVL_v, 1, 16, 83, 0.603776
HLT_Mu12_v, 0, 0, 0, 0.0
HLT_Mu15_IsoVVVL_PFHT450_CaloBTagDeepCSV_4p5_v, 63000, 1, 636, 4.679264
HLT_Mu15_IsoVVVL_PFHT450_PFMET50_v, 63000, 1, 354, 2.603784
HLT_Mu15_IsoVVVL_PFHT450_v, 63000, 1, 1043, 7.679276
HLT_Mu15_IsoVVVL_PFHT600_v, 63000, 1, 351, 2.584916
HLT_Mu15_v, 0, 0, 0, 0.0
HLT_Mu17_Photon30_IsoCaloId_v, 1, 1, 1320, 9.71702
HLT_Mu17_TrkIsoVVL_Mu8_TrkIsoVVL_DZ_Mass3p8_v, 1, 1, 6765, 49.773784
HLT_Mu17_TrkIsoVVL_Mu8_TrkIsoVVL_DZ_Mass8_v, 1, 1, 6505, 47.868116
HLT_Mu17_TrkIsoVVL_Mu8_TrkIsoVVL_DZ_v, 1, 20, 469, 3.452844
HLT_Mu17_TrkIsoVVL_Mu8_TrkIsoVVL_v, 1, 20, 514, 3.7736
HLT_Mu17_TrkIsoVVL_v, 0, 500, 0, 0.0
HLT_Mu17_v, 0, 500, 0, 0.0
HLT_Mu18_Mu9_DZ_v, 1, 40, 230, 1.69812
HLT_Mu18_Mu9_SameSign_DZ_v, 1, 1, 1357, 9.981172
HLT_Mu18_Mu9_SameSign_v, 1, 1, 1570, 11.547216
HLT_Mu18_Mu9_v, 1, 40, 252, 1.849064
HLT_Mu19_TrkIsoVVL_Mu9_TrkIsoVVL_DZ_Mass3p8_v, 1, 1, 5200, 38.264304
HLT_Mu19_TrkIsoVVL_Mu9_TrkIsoVVL_DZ_Mass8_v, 1, 1, 5045, 37.132224
HLT_Mu19_TrkIsoVVL_Mu9_TrkIsoVVL_DZ_v, 1, 20, 349, 2.566048
HLT_Mu19_TrkIsoVVL_Mu9_TrkIsoVVL_v, 1, 20, 377, 2.773596
HLT_Mu19_TrkIsoVVL_v, 0, 500, 0, 0.0
HLT_Mu19_v, 0, 500, 0, 0.0
HLT_Mu20_Mu10_DZ_v, 1, 40, 173, 1.264156
HLT_Mu20_Mu10_SameSign_DZ_v, 1, 1, 911, 6.69814
HLT_Mu20_Mu10_SameSign_v, 1, 1, 1033, 7.603804
HLT_Mu20_Mu10_v, 1, 40, 187, 1.377364
HLT_Mu20_TkMu0_Phi_v, 1, 0, 0, 0.0
HLT_Mu20_v, 210, 5, 190, 1.396232
HLT_Mu23_Mu12_DZ_v, 1, 20, 224, 1.641516
HLT_Mu23_Mu12_SameSign_DZ_v, 1, 1, 489, 3.603788
HLT_Mu23_Mu12_SameSign_v, 1, 1, 545, 4.018884
HLT_Mu23_Mu12_v, 1, 20, 237, 1.735856
HLT_Mu23_TrkIsoVVL_Ele12_CaloIdL_TrackIdL_IsoVL_DZ_v, 1, 1, 545, 4.018884
HLT_Mu23_TrkIsoVVL_Ele12_CaloIdL_TrackIdL_IsoVL_v, 1, 1, 739, 5.433984
HLT_Mu25_TkMu0_Onia_v, 1, 0, 0, 0.0
HLT_Mu25_TkMu0_Phi_v, 1, 1, 507, 3.735864
HLT_Mu27_Ele37_CaloIdL_MW_v, 1, 1, 378, 2.773596
HLT_Mu27_v, 1, 500, 156, 1.150948
HLT_Mu30_TkMu0_Onia_v, 1, 1, 739, 5.433984
HLT_Mu37_Ele27_CaloIdL_MW_v, 1, 1, 273, 2.000008
HLT_Mu37_TkMu27_v, 1, 1, 2069, 15.226476
HLT_Mu38NoFiltersNoVtxDisplaced_Photon38_CaloIdL_v, 1, 1, 239, 1.754724
HLT_Mu3_PFJet40_v, 11000, 3, 132, 0.962268
HLT_Mu3er1p5_PFJet100er2p5_PFMET100_PFMHT100_IDTight_v, 63000, 1, 433, 3.188692
HLT_Mu3er1p5_PFJet100er2p5_PFMET70_PFMHT70_IDTight_v, 63000, 180, 9, 0.075472
HLT_Mu3er1p5_PFJet100er2p5_PFMET80_PFMHT80_IDTight_v, 63000, 1, 1257, 9.24532
HLT_Mu3er1p5_PFJet100er2p5_PFMET90_PFMHT90_IDTight_v, 63000, 1, 730, 5.37738
HLT_Mu3er1p5_PFJet100er2p5_PFMETNoMu100_PFMHTNoMu100_IDTight_v, 63000, 1, 1037, 7.622672
HLT_Mu3er1p5_PFJet100er2p5_PFMETNoMu70_PFMHTNoMu70_IDTight_v, 63000, 270, 14, 0.09434
HLT_Mu3er1p5_PFJet100er2p5_PFMETNoMu80_PFMHTNoMu80_IDTight_v, 63000, 1, 2561, 18.849132
HLT_Mu3er1p5_PFJet100er2p5_PFMETNoMu90_PFMHTNoMu90_IDTight_v, 63000, 1, 1624, 11.943444
HLT_Mu43NoFiltersNoVtxDisplaced_Photon43_CaloIdL_v, 1, 1, 154, 1.13208
HLT_Mu43NoFiltersNoVtx_Photon43_CaloIdL_v, 1, 1, 284, 2.094348
HLT_Mu48NoFiltersNoVtx_Photon48_CaloIdL_v, 1, 1, 183, 1.339628
HLT_Mu4_TrkIsoVVL_DiPFJet90_40_DEta3p5_MJJ750_HTT300_PFMETNoMu60_v, 63000, 1, 856, 6.301912
HLT_Mu50_IsoVVVL_PFHT450_v, 63000, 1, 468, 3.452844
HLT_Mu50_v, 1, 1, 9146, 67.302156
HLT_Mu55_v, 1, 1, 6446, 47.434152
HLT_Mu7p5_L2Mu2_Jpsi_v, 430, 4, 28, 0.207548
HLT_Mu7p5_L2Mu2_Upsilon_v, 430, 2, 77, 0.56604
HLT_Mu7p5_Track2_Jpsi_v, 670, 1, 64, 0.4717
HLT_Mu7p5_Track2_Upsilon_v, 670, 1, 47, 0.339624
HLT_Mu7p5_Track3p5_Jpsi_v, 670, 1, 55, 0.396228
HLT_Mu7p5_Track3p5_Upsilon_v, 670, 1, 26, 0.18868
HLT_Mu7p5_Track7_Jpsi_v, 670, 1, 12, 0.09434
HLT_Mu7p5_Track7_Upsilon_v, 670, 1, 6, 0.037736
HLT_Mu8_DiEle12_CaloIdL_TrackIdL_DZ_v, 1, 1, 29, 0.207548
HLT_Mu8_DiEle12_CaloIdL_TrackIdL_v, 1, 1, 47, 0.339624
HLT_Mu8_Ele8_CaloIdM_TrackIdM_Mass8_PFHT350_DZ_v, 1, 1, 411, 3.01888
HLT_Mu8_Ele8_CaloIdM_TrackIdM_Mass8_PFHT350_v, 1, 5, 112, 0.830192
HLT_Mu8_IP3_part0_v, 1, 0, 0, 0.0
HLT_Mu8_IP3_part1_v, 1, 0, 0, 0.0
HLT_Mu8_IP3_part2_v, 1, 0, 0, 0.0
HLT_Mu8_IP3_part3_v, 1, 0, 0, 0.0
HLT_Mu8_IP3_part4_v, 1, 0, 0, 0.0
HLT_Mu8_IP3_part5_v, 1, 0, 0, 0.0
HLT_Mu8_TrkIsoVVL_DiPFJet40_DEta3p5_MJJ750_HTT300_PFMETNoMu60_v, 63000, 1, 623, 4.584924
HLT_Mu8_TrkIsoVVL_Ele23_CaloIdL_TrackIdL_IsoVL_DZ_v, 1, 1, 2040, 15.018928
HLT_Mu8_TrkIsoVVL_Ele23_CaloIdL_TrackIdL_IsoVL_v, 1, 16, 187, 1.377364
HLT_Mu8_TrkIsoVVL_v, 670, 32, 428, 3.150956
HLT_Mu8_v, 670, 32, 448, 3.3019
HLT_Mu8p5_IP3p5_part0_v, 1, 0, 0, 0.0
HLT_Mu8p5_IP3p5_part1_v, 1, 0, 0, 0.0
HLT_Mu8p5_IP3p5_part2_v, 1, 0, 0, 0.0
HLT_Mu8p5_IP3p5_part3_v, 1, 0, 0, 0.0
HLT_Mu8p5_IP3p5_part4_v, 1, 0, 0, 0.0
HLT_Mu8p5_IP3p5_part5_v, 1, 0, 0, 0.0
HLT_Mu9_IP6_part0_v, 1, 0, 0, 0.0
HLT_Mu9_IP6_part1_v, 1, 0, 0, 0.0
HLT_Mu9_IP6_part2_v, 1, 0, 0, 0.0
HLT_Mu9_IP6_part3_v, 1, 0, 0, 0.0
HLT_Mu9_IP6_part4_v, 1, 0, 0, 0.0
HLT_Mu9_IP6_part5_v, 1, 0, 0, 0.0
HLT_OldMu100_v, 1, 1, 795, 5.84908
HLT_PFHT1050_v, 1, 1, 1744, 12.83024
HLT_PFHT180_v, 11400, 1, 222, 1.641516
HLT_PFHT250_v, 4100, 1, 226, 1.660384
HLT_PFHT330PT30_QuadPFJet_75_60_45_40_TriplePFBTagDeepCSV_4p5_v, 1, 1, 1347, 9.9057
HLT_PFHT330PT30_QuadPFJet_75_60_45_40_v, 1, 128, 511, 3.754732
HLT_PFHT350MinPFJet15_v, 1, 3072, 70, 0.509436
HLT_PFHT350_v, 1, 256, 828, 6.094364
HLT_PFHT370_v, 1600, 1, 122, 0.905664
HLT_PFHT380_SixPFJet32_DoublePFBTagDeepCSV_2p2_v, 1, 1, 871, 6.41512
HLT_PFHT380_SixPFJet32_v, 1, 32, 224, 1.641516
HLT_PFHT430_SixPFJet40_PFBTagDeepCSV_1p5_v, 1, 1, 828, 6.094364
HLT_PFHT430_SixPFJet40_v, 1, 16, 152, 1.113212
HLT_PFHT430_v, 500, 1, 206, 1.50944
HLT_PFHT500_PFMET100_PFMHT100_IDTight_v, 1, 1, 797, 5.867948
HLT_PFHT500_PFMET110_PFMHT110_IDTight_v, 1, 1, 493, 3.622656
HLT_PFHT510_v, 1, 256, 197, 1.452836
HLT_PFHT590_v, 1, 128, 211, 1.547176
HLT_PFHT680_v, 1, 64, 246, 1.811328
HLT_PFHT700_PFMET85_PFMHT85_IDTight_v, 1, 1, 754, 5.547192
HLT_PFHT700_PFMET95_PFMHT95_IDTight_v, 1, 1, 499, 3.67926
HLT_PFHT780_v, 1, 32, 226, 1.660384
HLT_PFHT800_PFMET75_PFMHT75_IDTight_v, 1, 1, 800, 5.886816
HLT_PFHT800_PFMET85_PFMHT85_IDTight_v, 1, 1, 551, 4.05662
HLT_PFHT890_v, 1, 16, 242, 1.773592
HLT_PFJet140_v, 1500, 1, 440, 3.245296
HLT_PFJet15_v, 12457, 0, 0, 0.0
HLT_PFJet200_v, 350, 1, 469, 3.452844
HLT_PFJet25_v, 12457, 0, 0, 0.0
HLT_PFJet260_v, 1, 128, 352, 2.584916
HLT_PFJet320_v, 1, 32, 543, 4.000016
HLT_PFJet400_v, 1, 16, 357, 2.622652
HLT_PFJet40_v, 12457, 15, 669, 4.924548
HLT_PFJet450_v, 1, 8, 396, 2.905672
HLT_PFJet500_v, 1, 1, 1859, 13.6793
HLT_PFJet550_v, 1, 1, 1146, 8.433996
HLT_PFJet60_v, 159000, 1, 142, 1.03774
HLT_PFJet80_v, 17000, 1, 444, 3.264164
HLT_PFJetFwd140_v, 250, 1, 251, 1.849064
HLT_PFJetFwd15_v, 12457, 0, 0, 0.0
HLT_PFJetFwd200_v, 40, 1, 144, 1.056608
HLT_PFJetFwd25_v, 12457, 0, 0, 0.0
HLT_PFJetFwd260_v, 1, 8, 454, 3.339636
HLT_PFJetFwd320_v, 1, 1, 970, 7.132104
HLT_PFJetFwd400_v, 1, 1, 181, 1.339628
HLT_PFJetFwd40_v, 12457, 25, 182, 1.339628
HLT_PFJetFwd450_v, 1, 1, 69, 0.509436
HLT_PFJetFwd500_v, 1, 1, 26, 0.18868
HLT_PFJetFwd60_v, 103000, 1, 41, 0.301888
HLT_PFJetFwd80_v, 5100, 1, 273, 2.000008
HLT_PFMET100_PFMHT100_IDTight_CaloBTagDeepCSV_3p1_v, 1, 0, 0, 0.0
HLT_PFMET100_PFMHT100_IDTight_PFHT60_v, 1, 0, 0, 0.0
HLT_PFMET110_PFMHT110_IDTight_CaloBTagDeepCSV_3p1_v, 1, 1, 508, 3.735864
HLT_PFMET110_PFMHT110_IDTight_v, 1, 0, 0, 0.0
HLT_PFMET120_PFMHT120_IDTight_CaloBTagDeepCSV_3p1_v, 1, 1, 389, 2.867936
HLT_PFMET120_PFMHT120_IDTight_PFHT60_v, 1, 1, 2034, 14.962324
HLT_PFMET120_PFMHT120_IDTight_v, 1, 1, 2526, 18.58498
HLT_PFMET130_PFMHT130_IDTight_CaloBTagDeepCSV_3p1_v, 1, 1, 294, 2.16982
HLT_PFMET130_PFMHT130_IDTight_v, 1, 1, 1951, 14.358548
HLT_PFMET140_PFMHT140_IDTight_CaloBTagDeepCSV_3p1_v, 1, 1, 225, 1.660384
HLT_PFMET140_PFMHT140_IDTight_v, 1, 1, 1475, 10.8491
HLT_PFMET200_HBHECleaned_v, 1, 16, 153, 1.13208
HLT_PFMET200_HBHE_BeamHaloCleaned_v, 1, 1, 2254, 16.584972
HLT_PFMET200_NotCleaned_v, 1, 16, 176, 1.301892
HLT_PFMET250_HBHECleaned_v, 1, 1, 1211, 8.905696
HLT_PFMET300_HBHECleaned_v, 1, 1, 642, 4.717
HLT_PFMETNoMu100_PFMHTNoMu100_IDTight_PFHT60_v, 1, 0, 0, 0.0
HLT_PFMETNoMu110_PFMHTNoMu110_IDTight_v, 1, 0, 0, 0.0
HLT_PFMETNoMu120_PFMHTNoMu120_IDTight_PFHT60_v, 1, 1, 2402, 17.679316
HLT_PFMETNoMu120_PFMHTNoMu120_IDTight_v, 1, 1, 2752, 20.245364
HLT_PFMETNoMu130_PFMHTNoMu130_IDTight_v, 1, 1, 2154, 15.84912
HLT_PFMETNoMu140_PFMHTNoMu140_IDTight_v, 1, 1, 1656, 12.188728
HLT_PFMETTypeOne100_PFMHT100_IDTight_PFHT60_v, 1, 0, 0, 0.0
HLT_PFMETTypeOne110_PFMHT110_IDTight_v, 1, 0, 0, 0.0
HLT_PFMETTypeOne120_PFMHT120_IDTight_PFHT60_v, 1, 0, 0, 0.0
HLT_PFMETTypeOne120_PFMHT120_IDTight_v, 1, 0, 0, 0.0
HLT_PFMETTypeOne130_PFMHT130_IDTight_v, 1, 0, 0, 0.0
HLT_PFMETTypeOne140_PFMHT140_IDTight_v, 1, 1, 1877, 13.811376
HLT_PFMETTypeOne200_HBHE_BeamHaloCleaned_v, 1, 1, 2815, 20.717064
HLT_Photon100EBHE10_v, 1, 32, 399, 2.943408
HLT_Photon100EB_TightID_TightIso_v, 1, 8, 329, 2.415104
HLT_Photon100EEHE10_v, 1, 32, 348, 2.566048
HLT_Photon100EE_TightID_TightIso_v, 1, 1, 2279, 16.773652
HLT_Photon110EB_TightID_TightIso_v, 1, 1, 1865, 13.717036
HLT_Photon120EB_TightID_TightIso_v, 1, 1, 1329, 9.773624
HLT_Photon120_R9Id90_HE10_IsoM_v, 1, 8, 278, 2.037744
HLT_Photon120_v, 1, 128, 108, 0.792456
HLT_Photon150_v, 1, 128, 45, 0.339624
HLT_Photon165_R9Id90_HE10_IsoM_v, 1, 1, 588, 4.320772
HLT_Photon175_v, 1, 64, 45, 0.339624
HLT_Photon200_v, 1, 1, 1948, 14.33968
HLT_Photon20_HoverELoose_v, 38000, 2, 137, 1.000004
HLT_Photon20_v, 2700, 0, 0, 0.0
HLT_Photon300_NoHE_v, 1, 1, 725, 5.339644
HLT_Photon30_HoverELoose_v, 38000, 1, 55, 0.396228
HLT_Photon33_v, 780, 32, 62, 0.452832
HLT_Photon50_R9Id90_HE10_IsoM_EBOnly_PFJetsMJJ300DEta3_PFMET50_v, 1, 1, 340, 2.509444
HLT_Photon50_R9Id90_HE10_IsoM_v, 1, 256, 239, 1.754724
HLT_Photon50_v, 1, 6144, 42, 0.301888
HLT_Photon60_R9Id90_CaloIdL_IsoL_DisplacedIdL_PFHT350MinPFJet15_v, 1, 1, 1287, 9.471736
HLT_Photon60_R9Id90_CaloIdL_IsoL_DisplacedIdL_v, 1, 128, 160, 1.169816
HLT_Photon60_R9Id90_CaloIdL_IsoL_v, 1, 128, 220, 1.622648
HLT_Photon75_R9Id90_HE10_IsoM_EBOnly_CaloMJJ300_PFJetsMJJ400DEta3_v, 1, 1, 524, 3.849072
HLT_Photon75_R9Id90_HE10_IsoM_EBOnly_CaloMJJ400_PFJetsMJJ600DEta3_v, 1, 1, 280, 2.056612
HLT_Photon75_R9Id90_HE10_IsoM_EBOnly_PFJetsMJJ300DEta3_v, 1, 1, 651, 4.792472
HLT_Photon75_R9Id90_HE10_IsoM_EBOnly_PFJetsMJJ600DEta3_v, 1, 1, 275, 2.018876
HLT_Photon75_R9Id90_HE10_IsoM_v, 1, 64, 190, 1.396232
HLT_Photon75_v, 1, 512, 115, 0.84906
HLT_Photon90_R9Id90_HE10_IsoM_v, 1, 32, 204, 1.50944
HLT_Photon90_v, 1, 512, 62, 0.452832
HLT_Physics_part0_v, 1, 1280, 0, 0.0
HLT_Physics_part1_v, 1, 1280, 0, 0.0
HLT_Physics_part2_v, 1, 1280, 0, 0.0
HLT_Physics_part3_v, 1, 1280, 0, 0.0
HLT_Physics_part4_v, 1, 1280, 0, 0.0
HLT_Physics_part5_v, 1, 1280, 0, 0.0
HLT_Physics_part6_v, 1, 1280, 0, 0.0
HLT_Physics_part7_v, 1, 1280, 0, 0.0
HLT_Physics_v, 1, 50, 1730, 12.7359
HLT_QuadPFJet103_88_75_15_DoublePFBTagDeepCSV_1p3_7p7_VBF1_v, 1, 1, 1637, 12.037784
HLT_QuadPFJet103_88_75_15_PFBTagDeepCSV_1p3_VBF2_v, 1, 1, 795, 5.84908
HLT_QuadPFJet103_88_75_15_v, 1, 256, 218, 1.60378
HLT_QuadPFJet105_88_76_15_PFBTagDeepCSV_1p3_VBF2_v, 1, 1, 1357, 9.981172
HLT_QuadPFJet105_88_76_15_v, 1, 512, 168, 1.245288
HLT_QuadPFJet105_90_76_15_DoublePFBTagDeepCSV_1p3_7p7_VBF1_v, 1, 1, 2660, 19.566116
HLT_QuadPFJet111_90_80_15_DoublePFBTagDeepCSV_1p3_7p7_VBF1_v, 1, 1, 2271, 16.717048
HLT_QuadPFJet111_90_80_15_PFBTagDeepCSV_1p3_VBF2_v, 1, 1, 1112, 8.188712
HLT_QuadPFJet111_90_80_15_v, 1, 512, 146, 1.075476
HLT_QuadPFJet98_83_71_15_DoublePFBTagDeepCSV_1p3_7p7_VBF1_v, 1, 1, 2085, 15.339684
HLT_QuadPFJet98_83_71_15_PFBTagDeepCSV_1p3_VBF2_v, 1, 1, 1081, 7.962296
HLT_QuadPFJet98_83_71_15_v, 1, 512, 138, 1.018872
HLT_Random_v, 1, 40, 3735, 27.490676
HLT_Rsq0p35_v, 1, 1, 93, 0.679248
HLT_Rsq0p40_v, 1, 1, 66, 0.490568
HLT_RsqMR300_Rsq0p09_MR200_4jet_v, 1, 1, 165, 1.207552
HLT_RsqMR300_Rsq0p09_MR200_v, 1, 1, 1146, 8.433996
HLT_RsqMR320_Rsq0p09_MR200_4jet_v, 1, 1, 105, 0.773588
HLT_RsqMR320_Rsq0p09_MR200_v, 1, 1, 781, 5.75474
HLT_SingleJet30_Mu12_SinglePFJet40_v, 360, 6, 99, 0.735852
HLT_SinglePhoton10_Eta3p1ForPPRef_v, 12457, 0, 0, 0.0
HLT_SinglePhoton20_Eta3p1ForPPRef_v, 38000, 0, 0, 0.0
HLT_SinglePhoton30_Eta3p1ForPPRef_v, 38000, 0, 0, 0.0
HLT_Tau3Mu_Mu7_Mu1_TkMu1_IsoTau15_Charge1_v, 1, 1, 1067, 7.849088
HLT_Tau3Mu_Mu7_Mu1_TkMu1_IsoTau15_v, 1, 1, 1081, 7.962296
HLT_Tau3Mu_Mu7_Mu1_TkMu1_Tau15_Charge1_v, 1, 10, 342, 2.509444
HLT_Tau3Mu_Mu7_Mu1_TkMu1_Tau15_v, 1, 10, 345, 2.54718
HLT_TkMu100_v, 1, 1, 515, 3.792468
HLT_Trimuon5_3p5_2_Upsilon_Muon_v, 1, 1, 1743, 12.83024
HLT_TrimuonOpen_5_3p5_2_Upsilon_Muon_v, 1, 1, 642, 4.717
HLT_TripleJet110_35_35_Mjj650_PFMET110_v, 1, 1, 25, 0.18868
HLT_TripleJet110_35_35_Mjj650_PFMET120_v, 1, 1, 13, 0.09434
HLT_TripleJet110_35_35_Mjj650_PFMET130_v, 1, 1, 9, 0.075472
HLT_TripleMu_10_5_5_DZ_v, 1, 1, 1116, 8.20758
HLT_TripleMu_12_10_5_v, 1, 1, 706, 5.1887
HLT_TripleMu_5_3_3_Mass3p8_DCA_v, 1, 1, 1695, 12.471748
HLT_TripleMu_5_3_3_Mass3p8_DZ_v, 1, 1, 1851, 13.622696
HLT_TriplePhoton_20_20_20_CaloIdLV2_R9IdVL_v, 1, 1, 571, 4.207564
HLT_TriplePhoton_20_20_20_CaloIdLV2_v, 1, 1, 896, 6.584932
HLT_TriplePhoton_30_30_10_CaloIdLV2_R9IdVL_v, 1, 1, 1011, 7.433992
HLT_TriplePhoton_30_30_10_CaloIdLV2_v, 1, 1, 1592, 11.717028
HLT_TriplePhoton_35_35_5_CaloIdLV2_R9IdVL_v, 1, 1, 2466, 18.151016
HLT_TrkMu12_DoubleTrkMu5NoFiltersNoVtx_v, 1, 1, 321, 2.3585
HLT_TrkMu16_DoubleTrkMu6NoFiltersNoVtx_v, 1, 1, 229, 1.679252
HLT_TrkMu17_DoubleTrkMu8NoFiltersNoVtx_v, 1, 1, 209, 1.547176
HLT_UncorrectedJetE30_NoBPTX3BX_v, 0, 1, 0, 0.0
HLT_UncorrectedJetE30_NoBPTX_v, 4000, 1, 2, 0.018868
HLT_UncorrectedJetE60_NoBPTX3BX_v, 1, 1, 17, 0.132076
HLT_UncorrectedJetE70_NoBPTX3BX_v, 1, 1, 10, 0.075472
HLT_VBF_DoubleLooseChargedIsoPFTau20_Trk1_eta2p1_v, 1, 1, 179, 1.32076
HLT_VBF_DoubleMediumChargedIsoPFTau20_Trk1_eta2p1_v, 1, 1, 124, 0.905664
HLT_VBF_DoubleTightChargedIsoPFTau20_Trk1_eta2p1_v, 1, 1, 100, 0.735852
HLT_ZeroBias_Beamspot_v, 12457, 90, 6406, 47.132264
HLT_ZeroBias_FirstBXAfterTrain_v, 269167, 1, 549, 4.037752
HLT_ZeroBias_FirstCollisionAfterAbortGap_v, 1103, 1, 2575, 18.943472
